LAD19CD,turnover,sickness_days_mean,coping Vulnerability score,coping Vulnerability rank,coping Vulnerability decile,vacancy,zero_hour_no,flexibility Vulnerability score,flexibility Vulnerability rank,flexibility Vulnerability decile
E09000003,0.21520288388345862,4.585380103344412,0.9819512817563163,239,8,0.07486128914593994,0.749369781341793,-0.08728455837833882,99,4
E08000016,0.2798447131031517,2.9603871313687984,1.003772421350901,241,8,0.07414494575618885,0.8539481127386535,0.18547968655397112,262,9
E06000022,0.16644164121326335,2.822013182901169,0.5182520653713891,199,7,0.05126676800645,0.9028623038854453,0.19639025635126345,267,9
E06000055,0.22224152126918942,2.8265855506278412,0.7691951707091144,221,7,0.11344852717545308,0.8603734846203177,0.36004880331064976,309,10
E09000004,0.2686183679245632,3.03065554135707,0.9874065666549624,240,8,0.11082657083498554,0.7950668558054967,0.1527479771620942,251,8
E08000025,0.2820453754673478,3.737271037105478,1.1183334042224713,266,9,0.04990959286691258,0.8365651178828071,-0.09273984327698515,92,3
E06000008,0.2273873344342795,3.4068008753525043,0.9110325780739157,231,8,0.0764721751750123,0.8639416300239118,0.2618536751350179,285,9
E06000009,0.21357663135536528,5.99278398223629,1.1783415381075797,275,9,0.09022225864080141,0.8045313633428335,0.14183740736480166,245,8
E08000001,0.22893400801162495,8.023485891335357,1.3856423642561353,297.5,10,0.047151885747053764,0.8579030080284095,-0.060008133885107895,116,4
E06000036,0.2462688221263205,4.9702784438264045,1.1947073928035181,276.5,9,0.07262207400815861,0.8359274890503744,0.10365041307427825,223,8
E08000032,0.25608119819769304,11.7038617982783,1.5056586320263516,310.5,10,0.06436737597682013,0.8877159037374551,0.27276424493231033,287,10
E09000005,0.21930809866743536,4.654419706062819,1.0146829911481934,242.5,8,0.08899074472205556,0.682156575801474,-0.09273984327698492,93,3
E09000006,0.2138437909278698,4.525972080903485,0.9492195723644392,234,8,0.057698548068444884,0.7809123478036224,-0.17456911675667797,60,2
E08000002,0.24819561075131266,5.470956996096468,1.271081381384565,287,10,0.07555128559110746,0.885495343612229,0.36004880331064953,308,10
E08000033,0.15259730221695209,4.595700357210645,0.7473740311145297,219,7,0.04164469248246326,0.9118488386586671,0.1200162677702166,231,8
E09000007,0.30531593152725606,6.1864587381228064,1.543845626316875,313,10,0.05703870464147138,0.7019766488723649,-0.3109512392228331,26,1
E06000056,0.2335813314401663,4.090874992720021,1.0201382760468398,244.5,8,0.12277816033649297,0.7647190161363878,0.12547155266886323,233,8
E06000049,0.24989875648739102,4.7758359030622906,1.1728862532089335,274,9,0.07061243307363006,0.8371604703846212,0.09819512817563192,217,7
E09000001,0.20079841233795548,2.7296850244455673,0.6437236180402517,207,7,0.016281534248640837,0.6498030574571605,-0.7910163103036989,1,1
E08000026,0.2584529580530107,5.99483113777838,1.3910976491547815,300,10,0.06384870193687552,0.8115307055386347,-0.027276424493230644,137,5
E09000008,0.20268368154485902,3.569062474624255,0.7801057405064069,222,8,0.0901828842382141,0.7613016213571283,0.021821139594585315,167,6
E06000005,0.22301826937376662,4.93345577559507,1.0856016948305942,256,9,0.034450259238558725,0.8829488037311759,-0.02727642449323081,136,5
E06000015,0.222727399151708,4.200399733055286,0.9710407119590239,236,8,0.053893050088241266,0.8027531701119949,-0.15820326206073948,64,3
E08000017,0.1753665486173744,7.381863817393922,1.1128781193238253,264,9,0.033946646212666236,0.9017106407361191,0.03273170939187742,173,6
E06000059,0.22336452998675568,3.825129123008968,0.9437642874657928,233,8,0.05619139538954867,0.853189372064791,0.02182113959458515,165,6
E08000027,0.22305023246592395,4.614041904858575,1.0365041307427783,249.5,8,0.06795203296798705,0.8861764025241148,0.2782195298309565,288,10
E09000009,0.3027053195564564,3.098261588085703,1.09105697972924,257,9,0.07492261879096418,0.7435717771607857,-0.09819512817563114,87,3
E06000011,0.3283378398193605,3.237827585017255,1.1565203985129946,270.5,9,0.044919352127829174,0.8456067938485609,-0.12547155266886234,73,3
E09000010,0.21565898738466252,4.834977336736683,1.0365041307427783,249.5,8,0.07827967406948272,0.7485914282588435,-0.06000813388510773,117,4
E08000037,0.1953684069876983,20.94252465015222,1.243804956891334,284.5,9,0.045020936161920946,0.9087028660107791,0.13638212246615528,240,8
E09000011,0.15444328361217818,3.318562087626037,0.5891707690537898,201,7,0.036052699434572164,0.7952775249132551,-0.3273170939187716,22.5,1
E09000012,0.12713798992330336,1.834005575835365,0.38186994290523413,192,7,0.04686430816906245,0.703917110601769,-0.4091463673984646,12,1
E06000006,0.16970340615558102,7.765274366845944,1.0965122646278869,261,9,0.02474601273959772,0.8525811929819537,-0.278219529830956,34,2
E09000014,0.07080189420306701,3.784678472475523,0.5291626351686817,200,7,0.05477285066386456,0.7035241709281976,-0.3273170939187716,22.5,1
E09000015,0.24516115346862016,4.5162981832111635,1.0965122646278864,260,9,0.09208868950052133,0.7493620467082929,0.01091056979729288,158,5
E06000001,0.2831645664590738,6.086069936000985,1.4783822075331208,307,10,0.043133080762337836,0.86738114568257,-0.03818699429052319,130.5,5
E09000016,0.19488577568753068,4.661116833691506,0.8946667233779771,229,8,0.10930741533820894,0.7391130762819549,0.027276424493231533,171,6
E09000017,0.19480955973396735,2.678197658432391,0.6109919086483746,203,7,0.08715193871428248,0.751781659409609,-0.010910569797291991,146,5
E09000018,0.21589024578178803,1.9496834204423754,0.7037317519253599,214,7,0.13695148166946264,0.6441123328092069,5.551115123125783e-16,152.5,5
E06000046,0.26333173816879346,4.937825938769402,1.2547155266886265,286,10,0.04977625872847063,0.8930069511219554,0.1418374073648015,244,8
E09000019,0.2870791620098597,2.973313132948669,1.0365041307427783,249.5,8,0.028231824508873828,0.725890294616965,-0.5618943445605583,4,1
E09000021,0.30968857160098195,2.0681664090127496,1.0419594156414242,252,8,0.07052422610649907,0.8333558840834167,0.07091870368240094,194,7
E08000034,0.25866599794887063,6.424412746427758,1.429284643445305,304.5,10,0.031355810022471134,0.8717951803700155,-0.10910569797292385,81,3
E08000011,0.1787081814766253,5.840408402914351,1.0201382760468398,244.5,8,0.05717523916950512,0.852440542958521,0.02727642449323131,170,6
E09000022,0.18781523403133243,2.9321241115979437,0.6055366237497284,202,7,0.06457467641419938,0.7379964098616626,-0.20730082614855527,51,2
E08000035,0.32021325366830095,6.202824110743393,1.5711220508101063,315,10,0.06010711196296014,0.8649162824059801,0.11456098287157057,227,8
E06000016,0.1416094671254206,4.7969935849561045,0.7528293160131759,220,7,0.10410370413717679,0.7850565819203262,0.1145609828715708,229,8
E09000023,0.14734068694904262,4.995153149293092,0.8237480196955765,227,8,0.026288761523931007,0.7348793873390853,-0.5728049143578507,3,1
E08000012,0.23454426075722,8.207932385324089,1.429284643445305,304.5,10,0.0543373082091611,0.907891027960311,0.22912196574314067,278,9
E06000032,0.22383260356393858,2.952140871863643,0.8073821649996378,225,8,0.12762853732322832,0.7982370792023984,0.2182113959458486,274,9
E08000003,0.2341979045044485,4.534707745470576,1.0746911250333018,254,9,0.09485969856580119,0.8369921478696974,0.2509431053377257,283,9
E06000035,0.19292817956873853,5.163263203273589,0.9764959968576701,237.5,8,0.07183662297853109,0.7777527549245744,-0.06546341878375395,111,4
E09000024,0.2907270755898979,2.5035982486437085,1.0146829911481934,242.5,8,0.07894087982019998,0.6930720282052929,-0.12001626777021601,76,3
E06000002,0.2111358113599749,3.0451810338165375,0.731008176418591,216.5,7,0.025000298296018898,0.7813848982747207,-0.48006507108086527,9,1
E06000042,0.27836580019782675,3.4579226485695598,1.085601694830594,255,9,0.11092738904640838,0.8180948145623337,0.24003253554043325,282,9
E08000021,0.22689734959576455,5.126820772266856,1.1510651136143486,269,9,0.049566873358744094,0.8654438226162011,0.016365854695938875,163,6
E09000025,0.1471552597735954,5.698041534009192,0.9055772931752697,230,8,0.05499702750647032,0.6940373421851942,-0.33277237881741784,18,1
E06000012,0.18043478862068102,3.2351310280378858,0.6546341878375442,208,7,0.015621355367118795,0.9469953418735845,-0.14729269226344732,66,3
E06000013,0.25973804112623206,8.129619764047291,1.5056586320263516,310.5,10,0.02934436177252508,0.8964801620735671,-0.038186994290523274,129,5
E06000024,0.34421681940375537,5.061471772041856,1.434739928343951,306,10,0.08121058306635964,0.932601285147768,0.5073414955740969,314,10
E08000022,0.29728211713693803,7.029012953571503,1.5820326206073985,316,10,0.07106803759479936,0.8791806247303734,0.27821952983095655,289.5,10
E06000057,0.2302385485519568,7.673538396117672,1.3856423642561353,297.5,10,0.050726922225872814,0.8105571403832946,-0.15274797716209332,65,3
E06000018,0.3512610162482699,4.745372537737174,1.3801870793574889,294,10,0.04563094209918129,0.8695614249639361,-0.00545528489864594,148.5,5
E08000004,0.14393389012066032,4.119988343628107,0.6655447576348368,211,7,0.06842119768296144,0.8808520956155353,0.26185367513501795,286,10
E06000031,0.26559984467377556,3.803394440265463,1.0910569797292402,258,9,0.10257604501481411,0.841315769537889,0.27821952983095677,292,10
E06000026,0.3552249073226429,1.7908129949317886,1.0255935609454858,246,8,0.05911254281357799,0.9109602433033221,0.2836748147296027,293,10
E06000044,0.33368330696257265,6.008449034109518,1.571122050810106,314,10,0.06801843544697352,0.7845309643121512,-0.0818292734796926,103,4
E06000038,0.1763836830246066,4.438312623397645,0.7855610254050531,223,8,0.062172496038363,0.7121144870742508,-0.2509431053377248,41,2
E09000026,0.31499582546567556,3.583358519876919,1.1947073928035181,276.5,9,0.13834508466834675,0.618899932267903,5.551115123125783e-16,152.5,5
E09000027,0.19007798098976733,3.4054256095456896,0.6982764670267139,213,7,0.07427335097733859,0.7717831268050104,-0.05455284898646162,122.5,4
E08000005,0.21466210653888151,5.355275442573534,1.0910569797292404,259,9,0.062045257783894504,0.8868110800910525,0.24003253554043302,281,9
E08000018,0.27210845876392575,5.7976930041845405,1.3965529340534277,302,10,0.06219026444155512,0.8317153675890699,0.005455284898646551,155,5
E06000017,0.1462108428017016,2.0273061850422276,0.4473333616889885,195,7,0.04266769529254614,0.9506555491202345,0.19093497145261715,264,9
E08000006,0.20438921227119336,3.2209812357695684,0.731008176418591,216.5,7,0.0317507692553378,0.820515021329101,-0.2891300996282484,31,1
E08000028,0.20134183765357408,5.482660916528916,1.0528699854387171,253,8,0.033654844311914824,0.8774845672423746,-0.060008133885108006,115,4
E08000014,0.24156953690003724,6.878282476344684,1.3910976491547817,301,10,0.08579058246213521,0.8605625009638287,0.27821952983095655,289.5,10
E08000019,0.2566372012632541,5.841980251020162,1.3583659397629044,293,10,0.025014353083201917,0.8169588867289079,-0.36550408820929514,14,1
E06000051,0.27189050948437843,3.8346837393918376,1.1183334042224713,266,9,0.05397231680235074,0.8639798006554251,0.04909756408781607,186,6
E06000039,0.17448767361215234,3.222024570088604,0.6164471935470208,204,7,0.06793596707597074,0.8090176448296033,-0.01636585469593832,144,5
E08000029,0.1771325284583742,6.9009229549922555,1.107422834425179,262.5,9,0.029933641444694285,0.860709117528121,-0.1909349714526168,56,2
E06000025,0.258289159288725,5.52913939163297,1.320178945472381,292,10,0.12160740607139092,0.9007028976854587,0.5673496294592053,316,10
E08000023,0.2864586088662559,4.849538991009094,1.298357805877796,290,10,0.04173326738405314,0.7796975263273923,-0.33822766371606405,17,1
E06000045,0.23908332428687978,5.928105918553533,1.3092683756750887,291,10,0.09020693875201188,0.7727688517928366,0.0490975640878164,187,6
E09000028,0.17951921595856105,3.2561244437288854,0.6600894727361905,209,7,0.020510480788720746,0.668211459626968,-0.6982764670267134,2,1
E08000007,0.2873282082703082,5.359252065245062,1.3910976491547813,299,10,0.0678386430745547,0.8754317917384565,0.2127561110472021,273,9
E08000024,0.1652718285092949,5.718904963560628,0.938309002567147,232,8,0.02708572350856181,0.8785983507924854,-0.1254715526688624,71.5,3
E09000029,0.20293468258301514,2.048350668606599,0.6382683331416055,206,7,0.04816305407082377,0.7607010969519818,-0.310951239222833,27,1
E06000030,0.21219455025110034,6.677004298641458,1.2165285323981032,281,9,0.047739466266424675,0.8282622018080043,-0.14183740736480088,68,3
E08000008,0.2149773777319626,4.8942236776563375,1.0365041307427783,249.5,8,0.04772577826172289,0.8067331191106354,-0.20184554124990917,53,2
E06000034,0.22147384621632588,3.1334204163282786,0.812837449898284,226,8,0.04074383612364299,0.7605225308366983,-0.3982357976011723,13,1
E06000027,0.1843122396093536,1.7910568635191837,0.5127967804727429,198,7,0.040921187332187504,0.8638257114313213,-0.08728455837833904,98,4
E09000030,0.1443100701286326,2.9679421283878824,0.5018862106754506,197,7,0.10731426851235373,0.688631307887013,-0.03818699429052286,133,5
E08000009,0.27326631656911315,3.8230874973143445,1.1183334042224713,266,9,0.07683449524904847,0.7896056998979495,0.03273170939187764,174,6
E08000036,0.19541095187561866,5.431232668935329,1.025593560945486,247,8,0.0751492515774157,0.9026878613759977,0.4091463673984653,311,10
E08000030,0.13737874770743144,4.2149693141659865,0.6655447576348367,210,7,0.07264621185861789,0.8834464584937116,0.3164065241214799,297,10
E09000031,0.24467442661684635,3.368752476249377,0.9546748572630852,235,8,0.059817812790479936,0.8243764658595978,-0.03273170939187686,134,5
E09000032,0.21295920422865308,4.733294987571419,0.9764959968576701,237.5,8,0.0519502044959604,0.7964317057407724,-0.18002440165532424,59,2
E06000007,0.2494433266264457,5.096639926076013,1.2274391021953954,282,9,0.05628285574934209,0.8769715086364226,0.13638212246615533,241,8
E06000037,0.30303643647129536,3.48982937337845,1.1619756834116408,273,9,0.08842964432000479,0.9149817547686394,0.5182520653713893,315,10
E09000033,0.19245908951724097,3.921620898934404,0.7910163103036993,224,8,0.11997187036458445,0.7694353570326758,0.11456098287157068,228,8
E08000010,0.20534119895452485,5.787213771979218,1.107422834425179,262.5,9,0.06037376420463628,0.8867522877403089,0.22912196574314064,277,9
E06000054,0.287252124710928,6.816371302195408,1.538390341418229,312,10,0.08277428860468411,0.8724457698307555,0.343682948614711,306,10
E08000015,0.17252398783536188,3.90104257306909,0.7146423217226525,215,7,0.03557210960759732,0.8618000916065152,-0.1254715526688624,71.5,3
E06000041,0.23420936278296614,5.484489595771483,1.243804956891334,284.5,9,0.05080920331450245,0.8517030528070731,-0.03818699429052308,132,5
E08000031,0.17409232120579646,3.7740374212354966,0.6819106123307752,212,7,0.03918897436871799,0.8166598046676651,-0.2563983902363712,38,2
E06000014,0.2108212353745301,6.73366177413908,1.2056179626008108,279,9,0.07150920360803782,0.867849775802367,0.22912196574314075,279,9
E07000004,0.08798979365359622,1.2763978580388473,0.29458538452689487,189,6,0.03274194800870681,0.9339030042963301,0.08728455837833937,206,7
E07000005,0.042319787291968454,0.6138994491200339,-0.5182520653713893,110,4,0.015747647740921033,0.9682098265870506,-0.049097564087815765,125,4
E07000006,0.03090063132685632,0.4482508481940906,-1.0365041307427783,58,2,0.011498457063364142,0.9767877749083864,-0.08728455837833926,96,4
E07000007,0.07704577410381502,1.1176416826729894,0.24548782043907907,185,6,0.028669560698470615,0.9421240352037392,0.04909756408781593,185,6
E07000008,0.06450084488560072,0.529413944837678,-0.41460165229711154,120,4,0.013377336268665347,0.9743004199455962,-0.06546341878375443,109,4
E07000009,0.045833461892420775,0.3761946670476994,-0.7746504556077609,81,3,0.00950576125288628,0.9817382124968461,0.06000813388510795,190,6
E07000010,0.052054384200484284,0.427255130294063,-0.6164471935470212,97,4,0.010795967137224785,0.9792595613853473,0.01636585469593846,161,6
E07000011,0.09096322971223349,0.7466135112267359,-0.038186994290523524,164,6,0.018865577871152027,0.963756803369896,-0.0054552848986461205,147,5
E07000012,0.08079095234923377,0.6631208764204758,-0.18002440165532482,150,5,0.016755869461218348,0.9678098240224111,-0.016365854695938556,143,5
E07000026,0.04942979104246228,1.5867498699937166,0.15820326206073987,176,6,0.010084620455520511,0.9692473662821869,-0.3054959543241873,29,1
E07000027,0.034027170744694184,1.0923090633544368,-0.25639839023637134,143,5,0.006942192044482868,0.978830071980961,-0.4255122220944039,11,1
E07000028,0.05493398506792333,1.7634404642715245,0.22366668084449431,182,6,0.011207581052554694,0.9658229443049349,-0.27276424493231005,35,2
E07000029,0.03467946335157893,1.1132483630630499,-0.21275611104720177,147,5,0.007075272181534708,0.978424249597469,-0.45824393148628106,10,1
E07000030,0.02680177571458619,0.8603660511974911,-0.572804914357851,105,4,0.005468073603293243,0.9833253353057956,-0.3109512392228338,25,1
E07000031,0.05298014823844337,1.7007201842585455,0.19639025635126334,180,6,0.010808961061618527,0.9670385195095672,-0.28367481472960243,33,2
E07000032,0.04008104790618405,1.3341718696126796,-0.027276424493230922,165,6,0.009088612765123521,0.9821306724939272,0.05455284898646179,188,6
E07000033,0.025163372803318793,0.8376094411839183,-0.6546341878375441,93,3,0.00570594241470716,0.9887814173214136,0.03273170939187675,172,6
E07000034,0.0331044055031515,1.1019414134564443,-0.2673089600336638,142,5,0.007506618168816558,0.985241067917828,-0.03818699429052369,128,5
E07000035,0.022773595929391134,0.7580612944561158,-0.8619350139860997,74,3,0.00516404648790868,0.9898468511824894,0.010910569797291991,156,5
E07000036,0.03654115333905806,1.2163399265978967,-0.16365854695938595,154,5,0.008285920903741103,0.9837088631516415,0.04909756408781557,184,6
E07000037,0.029178818097508642,0.9712709703938405,-0.46369921638492695,117,4,0.006616468193470502,0.9869912119552129,-0.05455284898646229,119,4
E07000038,0.031996052744066555,1.0650478403083583,-0.3382276637160644,133,5,0.007255292678074458,0.9857352046602282,-0.06546341878375483,107.5,4
E07000039,0.033061691365990076,1.1005195943371202,-0.2836748147296024,140,5,0.007496932487614677,0.9852601111551171,-0.04909756408781618,124,4
E07000040,0.054244924085711334,0.8886683013355364,0.03273170939187719,169,6,0.00925713948545768,0.9787416834639927,-0.12001626777021657,75,3
E07000041,0.04902441818116478,0.8031432832347634,-0.13092683756750886,156.5,5,0.008366236748333698,0.9807875738190348,-0.11456098287157046,77,3
E07000042,0.030706978894947837,0.5030575530090471,-1.0037724213509012,59,2,0.005240283613603839,0.9879660873673295,-0.06546341878375483,107.5,4
E07000043,0.036125194217436034,0.591821548683512,-0.7310081764185912,86.5,3,0.006164926349268191,0.985842715672612,-0.13092683756750922,69,3
E07000044,0.03240818198544951,0.5309275387476963,-0.9164878629725619,68.5,3,0.005530601547812431,0.9872993943190955,-0.09273984327698581,90,3
E07000045,0.049932528359391035,0.8180204121663975,-0.07637398858104687,160,6,0.008521209821477303,0.9804316899470654,-0.103650413074278,83,3
E07000046,0.02561314233231447,0.41960769734617165,-1.2219838172967492,49,2,0.004370997567559904,0.9899623366359255,-0.027276424493231533,135,5
E07000047,0.020871499162478286,0.34192765534593755,-1.5220244867222903,19,1,0.0035618149029462507,0.9918205630617917,-0.01091056979729288,145,5
E07000061,0.04583924508352782,0.6530788761514055,-0.3873252278038804,127,5,0.015432137026696121,0.9770951489699651,0.081829273479693,201,7
E07000062,0.04126020843574036,0.5878406266483013,-0.5837154841551437,102,4,0.013890568860157701,0.9793831917177793,0.17456911675667836,258,9
E07000063,0.04565439508396648,0.6504452893689415,-0.4091463673984652,123,4,0.015369905842098356,0.9771875144025794,0.08182927347969297,200,7
E07000064,0.042504835476056,0.6055730222677282,-0.5237073502700356,109,4,0.014309582196836411,0.9787612792736621,0.13638212246615494,239,8
E07000065,0.07117391509552218,1.0140258723105018,0.16365854695938603,177,6,0.02396124998304625,0.9644359779591329,0.08182927347969311,203,7
E07000067,0.026336611251740968,0.666489456860991,-0.8728455837833922,71,3,0.0061762662230288165,0.982812935182853,-0.26185367513501795,37,2
E07000068,0.013302020911189363,0.3366286044741646,-1.652951324289799,4,1,0.0031194910258764185,0.9913192060506819,-0.043642279189170186,127,5
E07000069,0.015651378490801122,0.3960828008489615,-1.5056586320263516,21,1,0.0036704448948489746,0.989786033820835,-0.0818292734796936,100,4
E07000070,0.03077084991420642,0.7787048550186884,-0.594626053952436,101,4,0.007216150899688705,0.9799191859993298,-0.35459351841200326,15,1
E07000071,0.033454539149378314,0.846619840877591,-0.39278051270252645,126,5,0.00784550974232274,0.9781678315675432,-0.32731709391877223,20.5,1
E07000072,0.022787552138871844,0.5766749223374072,-1.1510651136143486,53,2,0.0053439672718531145,0.9851290231726749,-0.26730896003366417,36,2
E07000073,0.015047357266930525,0.3807970917810034,-1.5656667659114598,12,1,0.003528794329127924,0.9901802133083311,-0.06000813388510873,112.5,4
E07000074,0.011195071158763876,0.2833089202253175,-1.6856830336816762,2,1,0.002625384837911016,0.9926941848440912,-0.016365854695939208,142,5
E07000075,0.015114605889956395,0.3824989241772346,-1.5547561961141674,13.5,1,0.003544564976117005,0.9901363273872549,-0.06000813388510873,112.5,4
E07000076,0.025336049051785013,0.6411686534049199,-0.9601301421617314,62,2,0.00594162181640574,0.9834658941842922,-0.24003253554043308,43,2
E07000077,0.01549655026569505,0.39216462858787093,-1.5329350565195825,18,1,0.003634135730850857,0.9898870734995919,-0.07637398858104727,104,4
E07000066,0.032297063495695326,0.817328095163647,-0.4855203559795118,113,4,0.007574067159391807,0.9789231910514936,-0.3000406694255413,30,1
E07000078,0.05347911484046725,0.6446855756003556,-0.3273170939187723,134,5,0.011795970801277611,0.9818562216738531,0.20730082614855547,271,9
E07000079,0.04065947357868371,0.490146035622981,-0.7310081764185912,86.5,3,0.008968322766003376,0.9862055219561855,0.2127561110472016,272,9
E07000080,0.03952722722383259,0.47649691493023805,-0.7691951707091146,82,3,0.008718581442095552,0.9865896574628087,0.20730082614855544,270,9
E07000081,0.059048999591338365,0.7118299995003157,-0.16911383185803236,151,5,0.01302452886705249,0.9799665353070638,0.14729269226344732,246,8
E07000082,0.05436015688101095,0.6553064524927724,-0.30004066942554125,138,5,0.01199030360233376,0.9815573118746291,0.18002440165532452,260,9
E07000083,0.04229321509191585,0.5098406321207389,-0.6546341878375443,92,3,0.00932867965007691,0.9856512449464269,0.2291219657431402,276,9
E07000084,0.03355971124825459,0.7772356406959289,-0.5073414955740967,112,4,0.010532473764248687,0.9821370054900932,0.13638212246615483,238,8
E07000085,0.023046961589439488,0.5337626365302561,-1.1728862532089335,51,2,0.007233122969705033,0.987732679065777,0.07637398858104638,195,7
E07000086,0.025174032612907783,0.583025140533985,-1.0637805552360093,57,2,0.007900688896707418,0.9866004923871335,0.10365041307427741,218,7
E07000087,0.022217751463393578,0.5145583096866405,-1.243804956891334,43.5,2,0.006972881341491319,0.9881740468659809,0.0818292734796926,198,7
E07000088,0.016286855637856562,0.37720004749057295,-1.5547561961141674,13.5,1,0.0051115123857554574,0.9913309143010637,0.07091870368240016,193,7
E07000089,0.018389481959313368,0.4258964174924632,-1.4183740736480124,30,1,0.00577140651901962,0.9902117389256044,0.13092683756750834,234,8
E07000090,0.024027041360712542,0.5564610716664687,-1.1183334042224713,56,2,0.007540713949896831,0.9872110071287329,0.10365041307427753,219,7
E07000091,0.03432819156774071,0.795033478378727,-0.4636992163849271,116,4,0.01077365577989401,0.9817279626462377,0.11456098287157004,226,8
E07000092,0.01816967061544445,0.42080563439780605,-1.434739928343951,27.5,1,0.005702420311264211,0.9903287390034567,0.1200162677702159,230,8
E07000093,0.02390405395371725,0.5536127099697188,-1.13469925891841,55,2,0.0075021152376514065,0.9872764702478787,0.09819512817563125,212.5,7
E07000094,0.023737142472795066,0.5497470762384152,-1.1510651136143486,53,2,0.007449731271032616,0.9873653130524338,0.09819512817563125,212.5,7
E07000095,0.023908945648435105,0.4474304787650215,-1.2383496719926876,45,2,0.008553796251775813,0.9828195540958313,0.03818699429052319,176.5,6
E07000096,0.03807622253850869,0.7125559918232329,-0.45824393148628095,118,4,0.013622359363763702,0.972639258494414,-0.08728455837833922,97,4
E07000242,0.036552235798974785,0.684036201510111,-0.5564390596619126,107,4,0.013077129463120452,0.9737343620645268,-0.09273984327698542,91,3
E07000098,0.02571773897864466,0.48128012138929216,-1.1510651136143486,53,2,0.009200920128992719,0.9815197947330205,0.005455284898645996,154,5
E07000099,0.032877144861582164,0.6152607849023862,-0.7964715952023456,79,3,0.011762308661423502,0.9763752021070448,-0.08182927347969307,101,4
E07000240,0.03637157858547862,0.6806553939782558,-0.5728049143578511,104,4,0.013012496542104927,0.9738641783905708,-0.09819512817563163,86,3
E07000243,0.02165764086494874,0.40529970512351554,-1.3692765095601969,31,1,0.0077483570366069475,0.984437292519567,-0.02182113959458515,138,5
E07000102,0.022963456871244108,0.42973666229707486,-1.2819919511818574,39,2,0.008215532972526534,0.9834989616710704,0.0272764244932307,168,6
E07000103,0.02388204450598827,0.44692705250686277,-1.2547155266886265,41,2,0.008544171950695633,0.9828388846689717,0.03818699429052319,176.5,6
E07000241,0.03029364798879821,0.5669133897610484,-0.9492195723644391,65,3,0.010838022572365436,0.9782316465073589,-0.054552848986462094,120,4
E07000105,0.02109033548674317,0.3081305946971111,-1.5438456263168752,15.5,1,0.004839292994992099,0.9871837039559693,-0.16911383185803264,61,2
E07000106,0.02684445491100818,0.392198495905769,-1.2328943870940416,46.5,2,0.006159607213781878,0.9836870076582531,-0.21821139594584826,49,2
E07000107,0.01789744522331283,0.2614823478595104,-1.6420407544925066,5,1,0.004106666835711266,0.9891239778258634,-0.09273984327698603,88,3
E07000108,0.019081809790679694,0.2787859587342795,-1.6038537602019831,8,1,0.004378425772783556,0.9884042563719787,-0.09819512817563214,84,3
E07000109,0.01735518243792338,0.2535598681697401,-1.6584066091884453,3,1,0.003982241669481475,0.9894535031857411,-0.08728455837833982,94.5,3
E07000110,0.027725713505073715,0.4050737171103837,-1.1783415381075797,50,2,0.006361816825085529,0.9831514793808586,-0.22366668084449454,48,2
E07000111,0.01962407257606915,0.2867084384240498,-1.5711220508101063,10,1,0.004502850939013347,0.988074731012101,-0.10910569797292458,79,3
E07000112,0.018365481303722685,0.2683203725977628,-1.625674899796568,6,1,0.0042140602779234424,0.9888395589758365,-0.09273984327698592,89,3
E07000113,0.024228738454650015,0.35398278009777345,-1.3583659397629044,32,2,0.005559416745873188,0.9852765412383615,-0.2236666808444946,47,2
E07000114,0.023135729831873432,0.33801388300948787,-1.434739928343951,27.5,1,0.005308619930668734,0.9859407469878143,-0.21275611104720216,50,2
E07000115,0.021290502886765088,0.3110550479399956,-1.5329350565195827,17,1,0.004885222501298944,0.9870620650821517,-0.1909349714526174,55,2
E07000116,0.019258811933323364,0.2813719666955914,-1.5929431904046907,9,1,0.0044190398839024855,0.988296694694642,-0.10365041307427847,82,3
E07000117,0.02152539387920333,0.5094159458355751,-1.2765366662832114,40,2,0.006194822461239978,0.9919874603128183,0.20184554124990894,268,9
E07000118,0.0284050971834854,0.6722297175828587,-0.812837449898284,78,3,0.008174741657850322,0.9894265828640273,0.3218618090201254,298,10
E07000119,0.01939612400447377,0.4590250431992932,-1.3583659397629042,33,2,0.00558203698005256,0.992780052516786,0.1527479771620932,249,8
E07000120,0.01965021638989028,0.4650383460718426,-1.3420000850669656,35,2,0.005655162574187635,0.9926854700281317,0.1527479771620932,249,8
E07000121,0.03507350260936848,0.83004295325718,-0.36004880331064926,130,5,0.010093851149864129,0.986944358221591,0.3218618090201256,300,10
E07000122,0.022225181329182962,0.5259769847515532,-1.2274391021953952,48,2,0.0063962152458531315,0.991726973803395,0.20184554124990906,269,9
E07000123,0.03448313293301318,0.8160713749083286,-0.41460165229711127,122,4,0.009923947855548378,0.9871641154296799,0.33822766371606416,305,10
E07000124,0.014602896067903737,0.3455894072887044,-1.620219614897922,7,1,0.004202587375091094,0.9945642674439089,0.04909756408781529,183,6
E07000125,0.01723816235799383,0.40795512645874255,-1.4674716377358283,23,1,0.004960994254742714,0.9935833248486592,0.09819512817563103,209,7
E07000126,0.026874707256393033,0.6360117957839825,-0.9328537176685006,66.5,3,0.007734308653557343,0.989996250025358,0.30549595432418686,295,10
E07000127,0.02770676863715409,0.6557032048077757,-0.8619350139860998,72.5,3,0.0079737687331078,0.9896865263160994,0.32186180902012546,299,10
E07000128,0.027043940079598674,0.6400168281278048,-0.9164878629725619,68.5,3,0.007783012398550657,0.9899332553726274,0.3054959543241868,294,10
E07000129,0.03309942216982201,0.6936080002074957,-0.6382683331416056,94.5,4,0.008967104130676565,0.9771360871736557,-0.23457725064178675,44,2
E07000130,0.0602003342265343,1.2615154796496513,0.20184554124990944,181,6,0.0163091265745129,0.9584157334587189,-0.08182927347969295,102,4
E07000131,0.030488278858867825,0.6388907341212808,-0.8401138743915151,75.5,3,0.008259708277984203,0.9789397728311408,-0.19639025635126345,54,2
E07000132,0.037055360319035856,0.7765058325183706,-0.42005693719575754,119,4,0.010038824027674007,0.9744034646968652,-0.23457725064178672,45,2
E07000133,0.01684289613604629,0.3529477779608152,-1.571122050810106,11,1,0.004562980064703323,0.9883655216993836,-0.08728455837833982,94.5,3
E07000134,0.03366140138532023,0.7053844378087323,-0.6000813388510822,99,4,0.009119352291348174,0.9767478917626469,-0.22912196574314053,46,2
E07000135,0.018806032914643,0.3940858790475984,-1.456561067938536,24.5,1,0.005094821733301621,0.9870094560876719,-0.18547968655397118,57,2
E07000136,0.022017407651413336,0.5223794000582985,-1.24926024178998,42,2,0.005539848631808996,0.9911111670893055,0.09819512817563114,210.5,7
E07000137,0.044672490417028005,1.0598881172851973,-0.010910569797292366,166,6,0.011240144109353716,0.9819648929924738,0.18002440165532443,259,9
E07000138,0.03143589130681206,0.745839941792432,-0.6328130482429594,96,4,0.007909654133808078,0.9873087517999845,0.1963902563512629,266,9
E07000139,0.0368147078748836,0.8734563722250347,-0.2782195298309562,141,5,0.009263030066031864,0.9851372245026828,0.18547968655397057,261,9
E07000140,0.029830118084938233,0.7077417757615964,-0.7364634613172372,85,3,0.007505621982201791,0.9879570320193312,0.1527479771620932,249,8
E07000141,0.04502544946480893,1.0682623336572648,0.010910569797292442,167,6,0.011328952915953082,0.981822396925284,0.17456911675667824,257,9
E07000142,0.030112294877633592,0.7144366303971791,-0.6982764670267138,91,3,0.007576621109060456,0.9878431120519464,0.17456911675667797,256,9
E07000143,0.04204769989065245,0.809538319773216,-0.21275611104720188,146,5,0.007884711153342345,0.9779929421225869,-0.32731709391877223,20.5,1
E07000144,0.03907056979267366,0.7522200620913063,-0.39278051270252656,125,4,0.0073264449235716424,0.9795511218695218,-0.34368294861471094,16,1
E07000145,0.029988587717805586,0.5773659671415461,-0.9546748572630853,63,3,0.005623407526843865,0.9843044783119197,-0.2509431053377255,39,2
E07000146,0.045814606923898396,0.882062039224366,-0.060008133885108214,162,6,0.00859107497290625,0.9760214064306214,-0.28367481472960254,32,2
E07000147,0.03155244865726084,0.6074747569345167,-0.8401138743915151,75.5,3,0.005916659995437052,0.9834859798376555,-0.24003253554043313,42,2
E07000148,0.04259333103278582,0.8200432776940364,-0.16365854695938606,152,5,0.007987026950952629,0.9777073679733261,-0.3054959543241874,28,1
E07000149,0.041651755168042405,0.8019152529634173,-0.24003253554043288,144,5,0.007810464291359663,0.9782001729211656,-0.3273170939187723,19,1
E07000163,0.026073573935837587,0.3932446159667415,-1.243804956891334,43.5,2,0.00762137168851123,0.9867308410958354,0.06546341878375406,191,7
E07000164,0.041810759555683814,0.6305946444171069,-0.512796780472743,111,4,0.01222139089704361,0.9787219959253213,0.04364227918916952,182,6
E07000165,0.0736498635388833,1.1107956421556324,0.22912196574314048,183.5,6,0.02152804161866155,0.9625186886549433,0.02727642449323109,169,6
E07000166,0.02442745936514176,0.36841772826107094,-1.347455369965612,34,2,0.007140208230980644,0.9875685688222596,0.06000813388510773,189,6
E07000167,0.02519638021812008,0.3800146802662838,-1.3147236605737347,37,2,0.007364965743472635,0.9871772556479321,0.03818699429052308,175,6
E07000168,0.04988626364525682,0.7523903181615921,-0.1963902563512633,149,5,0.014581881192320473,0.9746122736732256,-1.0408340855860843e-17,151,5
E07000169,0.040880346972247045,0.6165620557139018,-0.5509837747632664,108,4,0.011949428942787192,0.9791954942054741,0.07637398858104671,196,7
E07000150,0.02907195521694581,0.5964152133188436,-0.9328537176685006,66.5,3,0.015133325774885681,0.9809615895523048,0.2618536751350175,284,9
E07000151,0.03467766620848617,0.711417155633151,-0.567349629459205,106,4,0.01805136310680167,0.9772905661927926,0.190934971452617,263,9
E07000152,0.03854506087512549,0.7907572962559382,-0.3491382335133569,131,5,0.020064524689968725,0.9747579175808483,0.15820326206073984,253.5,8
E07000153,0.041566078148153024,0.8527338866808706,-0.16365854695938603,153,5,0.021637106864890135,0.9727795378542604,0.14729269226344746,247,8
E07000154,0.09241439605340451,1.895894215735304,0.38732522780388035,194,7,0.048106057928648846,0.9394803964779425,0.22366668084449443,275,9
E07000155,0.03797410502909542,0.7790440574949217,-0.3764146580065879,128,5,0.019767315205550834,0.9751318205971096,0.15820326206073984,253.5,8
E07000156,0.03262288190566336,0.6692629692653232,-0.6982764670267139,90,3,0.016981750828587463,0.9786361869687843,0.2345772506417866,280,9
E07000170,0.043044681080453034,0.8593700340810112,-0.10910569797292403,158,6,0.016768025207980562,0.9801158735432788,0.31640652412147957,296,10
E07000171,0.039553739197954026,0.7896747600254129,-0.3273170939187722,135,5,0.015408131255556316,0.9817284846279082,0.32186180902012573,301.5,10
E07000172,0.038346195589064,0.7655666294439234,-0.3982357976011727,124,4,0.014937733492920813,0.9822862991875351,0.35459351841200293,307,10
E07000173,0.03987432899263271,0.7960752084864924,-0.29458538452689487,139,5,0.015533016784352453,0.9815803908830338,0.3218618090201258,303,10
E07000174,0.036846160340678315,0.7356190189570773,-0.47460978618221955,114,4,0.014353395818057366,0.9829792277868362,0.3655040882092953,310,10
E07000175,0.04115397991542617,0.8216229330724273,-0.20730082614855566,148,5,0.016031503900349704,0.9809892669594594,0.32731709391877195,304,10
E07000176,0.03983539781376465,0.7952979628972376,-0.3054959543241873,137,5,0.015517851171035074,0.9815983748119257,0.32186180902012573,301.5,10
E07000179,0.05506806681923802,0.9370851220496871,0.0654634187837544,172,6,0.020348154928789598,0.9710631136987177,0.08182927347969308,202,7
E07000180,0.05241390075635098,0.8919195719833509,0.021821139594584794,168,6,0.01936741626527992,0.9724578113160971,0.07637398858104687,197,7
E07000181,0.04303417508933791,0.7323061720737888,-0.30549595432418736,136,5,0.015901521744442135,0.9773866216201617,0.14183740736480122,243,8
E07000177,0.05846102541439647,0.9948225950154683,0.09819512817563161,173,6,0.0216018841978391,0.969280199157422,0.10365041307427789,220.5,7
E07000178,0.06048574807843581,1.0292770001605793,0.1309268375675088,174,6,0.022350037761880888,0.9682162582402066,0.09819512817563168,215,7
E07000187,0.0592767839119694,1.361184250866615,0.22912196574314048,183.5,6,0.019977269443419918,0.9729801626106416,0.10910569797292408,225,8
E07000188,0.06335821914271841,1.4549070372660622,0.26185367513501767,187,6,0.021352781506315015,0.9711197425781748,0.10365041307427789,220.5,7
E07000189,0.08661362822613917,1.9889254927683502,0.38186994290523413,192,7,0.029190244044201487,0.9605193467673933,0.09819512817563172,216,7
E07000246,0.07939242897780384,1.8231036981210345,0.3382276637160645,190,7,0.026756578896260035,0.9638109495934836,0.10365041307427793,222,7
E07000192,0.02781799051051018,0.593502485047332,-0.9546748572630852,64,3,0.007475201013165255,0.9868800849746652,0.01636585469593821,159.5,6
E07000193,0.03294898966919292,0.702973395618799,-0.6382683331416056,94.5,4,0.008853993995895044,0.9844601304157063,0.13092683756750856,235.5,8
E07000194,0.028889484296368867,0.6163630228845146,-0.9110325780739157,70,3,0.007763130920633767,0.9863747318861548,0.06546341878375411,192,7
E07000195,0.03598229521028043,0.76768958623879,-0.46915450128357333,115,4,0.009669098474610364,0.9830295198570498,0.14183740736480105,242,8
E07000196,0.031157238649686482,0.6647460232188629,-0.7528293160131758,83,3,0.00837251784357218,0.9853051814309334,0.10910569797292374,224,8
E07000197,0.03775792936267592,0.8055731020011336,-0.3436829486147107,132,5,0.010146243731022136,0.9821920701071583,0.13638212246615478,237,8
E07000198,0.02734226505371815,0.5833527856756369,-0.9874065666549625,60,2,0.007347364913168863,0.9871044533583606,0.01636585469593821,159.5,6
E07000199,0.021307054074707562,0.4545903320226885,-1.3256342303710271,36,2,0.005725593735702938,0.9899508651138996,0.09819512817563114,210.5,7
E07000200,0.03477615112015549,0.6876015582713686,-0.5837154841551435,103,4,0.008499918360582698,0.9811514009045873,-0.07091870368240077,106,4
E07000202,0.05232802284282693,1.0346409504510659,0.06000813388510822,171,6,0.012789912276317102,0.9716383241891193,-0.14183740736480122,67,3
E07000203,0.038996422979596455,0.7710456834378986,-0.37095937310794175,129,5,0.009531428896086502,0.9788640226355715,-0.07637398858104696,105,4
E07000244,0.0944535042223551,1.8675550512500845,0.38186994290523413,192,7,0.023086139463422653,0.9488064039032712,0.010910569797292519,157,5
E07000245,0.06806044450853418,1.3457057838004034,0.26185367513501767,187,6,0.016635199792774624,0.9631113854904594,-0.05455284898646193,121,4
E07000207,0.034754359348192265,0.5385055889318895,-0.8182927347969304,77,3,0.011638049138329656,0.9802028445973159,0.09819512817563147,214,7
E07000208,0.020331755551522484,0.315032824734297,-1.5438456263168752,15.5,1,0.006808411221351812,0.9884184047178008,0.09273984327698492,207,7
E07000209,0.03761939491491228,0.5828982261176364,-0.7091870368240063,89,3,0.01259745179554722,0.9785708319401318,0.038186994290523316,178,6
E07000210,0.022195058892215385,0.34390400180839775,-1.4783822075331208,22,1,0.007432367934848984,0.98735700964420825,0.08728455837833882,204,7
E07000211,0.037585817298397405,0.5823779537116595,-0.7200976066212987,88,3,0.012586207797433687,0.9785899587865092,0.03818699429052334,179,6
E07000212,0.02238507767658366,0.3468482706513129,-1.4401952132425975,26,1,0.007495998742355113,0.9872487690817545,0.08182927347969271,199,7
E07000213,0.025268173930974556,0.3915207513281535,-1.2874472360805038,38,2,0.008461449307648895,0.9856064684996251,0.13092683756750856,235.5,8
E07000214,0.022607402198053368,0.3502931046120998,-1.429284643445305,29,1,0.007570447638955322,0.9871221261746802,0.08728455837833887,205,7
E07000215,0.022256872231708677,0.3448617760103099,-1.456561067938536,24.5,1,0.007453067113194351,0.9873217988588318,0.09273984327698503,208,7
E07000216,0.031952154624496285,0.4950864917785387,-0.9764959968576701,61,2,0.010699686386673018,0.9817990668677181,0.1254715526688624,232,8
E07000217,0.025734444923942487,0.39874544314751553,-1.2328943870940416,46.5,2,0.0086175875541799965,0.9853408661556121,0.1582032620607396,252,8
E07000218,0.029144924843709192,0.6414685843426395,-0.8619350139860998,72.5,3,0.007926107352992085,0.977641686906238,-0.321861809020126,24,1
E07000219,0.05793121206173943,1.275043692504779,0.19093497145261706,179,6,0.015754681418895692,0.9555585000090653,-0.11456098287157014,78,3
E07000220,0.04817519003387145,1.060317400617192,0.03273170939187724,170,6,0.01310148267689489,0.9630427600035045,-0.20184554124990942,52,2
E07000221,0.05733707805027631,1.2619670314639007,0.18002440165532468,178,6,0.015593103717729071,0.9560142855126883,-0.12547155266886256,70,3
E07000222,0.0640352424276185,1.4093910527598557,0.26185367513501767,187,6,0.01741470285402813,0.950875838352327,-0.06546341878375429,110,4
E07000223,0.017423487564058246,0.3859747924593818,-1.5111139169249979,20,1,0.004764721432373179,0.9890281007006418,-0.05455284898646251,118,4
E07000224,0.04360086656908261,0.9658706595438415,-0.054552848986461996,163,6,0.011923329508398568,0.9725437105744803,-0.16365854695938603,63,2
E07000225,0.03294064606240951,0.7297195226083131,-0.6055366237497284,98,4,0.009008127776527914,0.9792566528300506,-0.09819512817563178,85,3
E07000226,0.03067585729545197,0.6795486615176779,-0.7473740311145296,84,3,0.008388786353747502,0.9806828331050396,-0.10910569797292419,80,3
E07000227,0.03879685185140947,0.8594494521473,-0.2291219657431404,145,5,0.010609597581734744,0.9755688894039859,-0.1691138318580323,62,2
E07000228,0.040842581912047225,0.9047676028722668,-0.14729269226344743,155,5,0.011169034022282842,0.9742806545350216,-0.18002440165532466,58,2
E07000229,0.030014861971152024,0.6649059252586307,-0.7910163103036992,80,3,0.00820802698643879,0.9810990743488721,-0.12001626777021662,74,3
E07000234,0.04771212903126105,0.8110095834584408,-0.13092683756750886,156.5,5,0.013460880019936937,0.9753852383655418,-0.021821139594584836,139,5
E07000235,0.0377748022036741,0.64209514902079,-0.5946260539524361,100,4,0.010657291773908232,0.9805119207440308,0.043642279189169436,181,6
E07000236,0.0410999790622311,0.6986164226201518,-0.41460165229711143,121,4,0.011595413958914478,0.9787964568268334,0.021821139594584704,164,6
E07000237,0.049273646785228546,0.8375522234311487,-0.06546341878375445,161,6,0.013901426345618317,0.9745796489256595,-0.02182113959458482,141,5
E07000238,0.06158057317752308,1.0467450523767798,0.1472926922634474,175,6,0.017373542617611336,0.9682304864432921,0.016365854695938653,162,6
E07000239,0.04887274922621986,0.8307377766868393,-0.08182927347969304,159,6,0.013788322318368438,0.9747864726003769,-0.021821139594584833,140,5
E09000002,0.16739299012937373,4.308103311500331,0.7419187462158835,218,7,0.03964953763134655,0.6712207945835422,-0.5127967804727425,7.5,1
E06000058,0.4066478124659413,10.55672671318689,1.7129594581749075,317,10,0.11636114173260961,0.8017155660725064,0.19093497145261762,265,9
E06000043,0.22921464427077584,5.931168503430446,1.2819919511818576,288,10,0.07030812116051165,0.8143727537739366,0.021821139594585204,166,6
E06000023,0.2552701334861704,8.274008427952474,1.4838374924317668,308.5,10,0.0836752461858745,0.8965799179241579,0.44187807679034247,312,10
E06000050,0.2878083308011879,5.218020566411965,1.385642364256135,295.5,10,0.04638902791565774,0.8686989847652345,-0.00545528489864594,148.5,5
E06000052,0.28910627027013236,5.423888178692707,1.4074635038507202,303,10,0.12111426264114629,0.9126311858548043,0.6109919086483748,317,10
E06000053,0.001145252484143338,0.021485944959130285,-1.7238700279722,1,1,4.7977655422470883e-4,0.9996539011369662,-5.551115123125783e-16,150,5
E06000047,0.2631287280826688,7.214132593818143,1.4838374924317668,308.5,10,0.0939946111034384,0.8462837583466644,0.2782195298309567,291,10
E09000013,0.13719756981944498,3.8730303941826363,0.621902478445667,205,7,0.018400959724269708,0.7881005299709283,-0.5564390596619122,6,1
E06000019,0.32871935640802225,4.234771708444153,1.2983578058777958,289,10,0.04058200796618058,0.8700507931423423,-0.04909756408781557,126,4
E09000020,0.19123338896921832,8.445715575948473,1.2001626777021646,278,9,0.031147751674402556,0.7387513947808073,-0.5127967804727425,7.5,1
E06000010,0.2120978091350207,5.826796786336167,1.1346992589184102,268,9,0.07539972527700145,0.9273616904764715,0.46915450128357356,313,10
E06000003,0.22415173187752727,5.6591435781853345,1.2110732474994568,280,9,0.030516205022276588,0.8413063458803551,-0.25094310533772496,40,2
E06000033,0.30711141331878195,4.990463569454164,1.385642364256135,295.5,10,0.11655531376815093,0.7928732614719798,0.16911383185803286,255,9
E08000013,0.2148251683237577,6.355018412413806,1.2274391021953956,283,9,0.02133267948999252,0.9212622298159432,-0.06000813388510812,114,4
E06000004,0.16996927379392857,5.136669815392944,0.889211438479331,228,8,0.013882531516115907,0.8372103437668568,-0.5564390596619123,5,1
E06000021,0.19725353643311927,6.537724303322204,1.1565203985129948,272,9,0.03236095281793239,0.8857761527191791,-0.03818699429052319,130.5,5
E06000020,0.27824842489740176,4.0858746338627885,1.1565203985129946,270.5,9,0.06299382798851977,0.8048962854555848,-0.05455284898646162,122.5,4
E06000040,0.15478558809752277,1.8856022103687216,0.45278864658763474,196,7,0.032864782686146045,0.9040227126038812,0.03818699429052358,180,6
