LAD19CD,Coping score,Coping rank,Coping decile
E09000003,53.05681397301302,40,2
E08000016,78.48453054280333,141,5
E06000022,52.41949866737514,36,2
E06000055,43.30305799936197,12,1
E09000004,80.95133868162785,155,5
E08000025,87.98211843084053,183,6
E06000008,73.83142915192855,120,4
E06000009,84.36929429321428,173,6
E08000001,109.22808358608567,256,9
E06000036,68.76870769619738,93,3
E08000032,129.6235773666785,294,10
E09000005,47.67789359386424,23,1
E09000006,54.380124419539925,43,2
E08000002,75.43883249338789,127,5
E08000033,81.31586075388685,159,6
E09000007,98.24121169011529,224,8
E06000056,52.326456341333696,35,2
E06000049,64.9997178921868,81,3
E09000001,NA,317,10
E08000026,111.89418357083774,262,9
E09000008,44.621253551619475,14,1
E06000005,88.76126981779336,187,6
E06000015,53.24583052272628,41,2
E08000017,93.87132035315126,211,7
E06000059,141.83112903440204,308,10
E08000027,86.35245712174972,181,6
E09000009,56.315639321693055,48,2
E06000011,94.8981458122995,215,7
E09000010,81.7572550167583,161,6
E08000037,72.44998553215434,111,4
E09000011,41.926773011146906,8,1
E09000012,62.61139856567466,65,3
E06000006,61.66976454478147,62,2
E09000014,38.847820993842795,6,1
E09000015,84.02479751050245,172,6
E06000001,92.49728741911642,203,7
E09000016,76.84137689886046,135,5
E09000017,72.53739570970305,112,4
E09000018,46.588486495586736,21,1
E06000046,98.49121274600199,225,8
E09000019,51.470892291115135,31,1
E09000021,48.13759284143561,25,1
E08000034,124.70241566118636,290,10
E08000011,76.43249075657597,134,5
E09000022,36.88224040602408,4,1
E08000035,116.64935966422753,275,9
E06000016,70.16811925927612,99,4
E09000023,46.1817569008098,20,1
E08000012,89.00599100546704,190,7
E06000032,75.65083801407191,128,5
E08000003,52.505992570506095,37,2
E06000035,80.66317737580037,151,5
E09000024,52.989263860676914,39,2
E06000002,45.34523409061488,17,1
E06000042,84.97421599856466,177,6
E08000021,62.753352985677125,66,3
E09000025,48.09533479208727,24,1
E06000012,78.86085990415907,142,5
E06000013,134.72482600272085,303,10
E06000024,94.92720519350725,216,7
E08000022,104.98973316199574,244,8
E06000057,74.87612647633378,124,4
E06000018,80.16135865742866,148,5
E08000004,72.26448884441093,110,4
E06000031,48.64514336361093,27,1
E06000026,58.92430857572985,57,2
E06000044,135.86079014212973,304,10
E06000038,33.96980504897178,2,1
E09000026,93.88635802044917,212,7
E09000027,32.089616631028214,1,1
E08000005,85.11059150016438,178,6
E08000018,111.23850625595624,261,9
E06000017,45.47998212574103,18,1
E08000006,45.99456640598672,19,1
E08000028,86.00900637327406,179,6
E08000014,105.55882380625624,247,8
E08000019,80.67125328222254,152,5
E06000051,63.64260896800431,70,3
E06000039,72.72163114360177,114,4
E08000029,68.14414278044018,90,3
E06000025,68.93277387177137,94,4
E08000023,96.11228689139044,220,7
E06000045,73.37339523327607,116,4
E09000028,67.80466752244135,89,3
E08000007,75.12851556682504,125,4
E08000024,79.50706393093951,144,5
E09000029,71.36820192417322,107,4
E06000030,64.46489820618108,78,3
E08000008,80.95418078655229,156,5
E06000034,79.78678592047348,146,5
E06000027,42.83480338620291,11,1
E09000030,34.13877662090768,3,1
E08000009,63.84463396470835,72,3
E08000036,83.51190318616246,168,6
E08000030,70.1662943399391,98,4
E09000031,51.07986919592905,30,1
E09000032,57.20381358723627,53,2
E06000007,77.13382182545182,137,5
E06000037,56.77637865760933,49,2
E09000033,42.67594040096296,10,1
E08000010,93.202942104404,208,7
E06000054,104.19123682935766,239,8
E08000015,74.82126171561532,123,4
E06000041,72.65031534499384,113,4
E08000031,71.13875769650402,106,4
E06000014,63.74020408152204,71,3
E07000004,68.54392566797586,92,3
E07000005,52.194173460665255,34,2
E07000006,70.39812157921527,101,4
E07000007,110.97218830750437,260,9
E07000008,49.44685443318875,28,1
E07000009,104.88140882017653,243,8
E07000010,82.9239308099327,166,6
E07000011,98.68419494546622,226,8
E07000012,88.95103508426833,189,6
E07000026,104.82267277063949,242,8
E07000027,92.69338652759444,204,7
E07000028,93.1561301793104,207,7
E07000029,115.1095818916845,272,9
E07000030,70.43307329667896,102,4
E07000031,65.32795121369001,84,3
E07000032,139.05859217916327,307,10
E07000033,117.25712217871494,277,9
E07000034,150.33683370473165,313,10
E07000035,93.2117033962193,209,7
E07000036,116.88871028977948,276,9
E07000037,109.5470894422572,257,9
E07000038,133.56322707556865,302,10
E07000039,75.33206780190919,126,5
E07000040,81.76126589471926,162,6
E07000041,94.4972205589773,213,7
E07000042,83.87712526805923,171,6
E07000043,75.81325283757126,131,5
E07000044,84.87517253514393,175,6
E07000045,79.90651502435335,147,5
E07000046,132.43151422696945,300,10
E07000047,112.31034998039969,263,9
E07000061,80.5939952189624,150,5
E07000062,79.00586430279986,143,5
E07000063,67.76014914574453,88,3
E07000064,64.41206479316352,76,3
E07000065,64.53114508056807,79,3
E07000067,104.55399701769504,241,8
E07000068,117.98120859851664,278,9
E07000069,130.02223077134465,296,10
E07000070,57.00153881934394,50,2
E07000071,77.66266196550471,138,5
E07000072,101.01450739897304,231,8
E07000073,133.01899952244054,301,10
E07000074,125.4244420664184,291,10
E07000075,142.52150517665456,309,10
E07000076,110.9222970895089,259,9
E07000077,102.20839801184276,235,8
E07000066,62.42840738260979,64,3
E07000078,57.827101729061795,54,2
E07000079,54.76896094659224,44,2
E07000080,84.48498432622885,174,6
E07000081,81.27034455033346,158,6
E07000082,59.90790945341291,58,2
E07000083,65.85874822010817,85,3
E07000084,108.15492676684035,253,8
E07000085,100.43893081670112,230,8
E07000086,98.80160256700508,227,8
E07000087,129.68699380346158,295,10
E07000088,143.1321096767262,310,10
E07000089,88.56040754649977,186,6
E07000090,116.37258238249846,274,9
E07000091,96.37814760875507,221,7
E07000092,101.19968965353641,232,8
E07000093,81.99439735527139,163,6
E07000094,80.55425826817527,149,5
E07000095,119.63233886107743,281,9
E07000096,64.99678451908277,80,3
E07000242,61.974606498832486,63,3
E07000098,63.93782763838588,74,3
E07000099,47.50414692227641,22,1
E07000240,70.65917734673677,103,4
E07000243,75.69173965734201,129,5
E07000102,79.61546066601782,145,5
E07000103,55.773580001441886,46,2
E07000241,65.01957213210476,82,3
E07000105,91.85430099520346,201,7
E07000106,83.25568957617558,167,6
E07000107,89.86584426326675,194,7
E07000108,122.93429971984102,287,10
E07000109,146.16812118049137,311,10
E07000110,87.99745097241717,184,6
E07000111,73.78981098964903,119,4
E07000112,113.68131154074062,267,9
E07000113,126.47948447303789,292,10
E07000114,109.09437541018285,254,9
E07000115,76.98507174260251,136,5
E07000116,107.60831747741355,250,8
E07000117,108.14279563570037,252,8
E07000118,110.14321644881558,258,9
E07000119,95.67183088492237,219,7
E07000120,118.42160633420934,280,9
E07000121,96.45797844115526,222,8
E07000122,107.92135105129314,251,8
E07000123,91.49829477036292,199,7
E07000124,123.05154079108476,288,10
E07000125,136.6194158175542,305,10
E07000126,131.40847975070776,297,10
E07000127,122.17188579871798,285,9
E07000128,112.86850932510751,266,9
E07000129,99.116478048776,228,8
E07000130,98.23270368673413,223,8
E07000131,52.187434227806335,33,2
E07000132,104.03387604500435,238,8
E07000133,92.09836402992134,202,7
E07000134,58.453896473009664,56,2
E07000135,102.014247964378,234,8
E07000136,120.10114922161924,283,9
E07000137,75.75207074560103,130,5
E07000138,73.01835287569347,115,4
E07000139,90.65460569977672,195,7
E07000140,114.68416150472773,269,9
E07000141,89.05484982511739,192,7
E07000142,80.74813233663227,153,5
E07000143,151.47003589922338,314,10
E07000144,114.88248673495613,270,9
E07000145,103.883162746143,237,8
E07000146,118.31770823423506,279,9
E07000147,84.91394258104303,176,6
E07000148,57.1818924889813,52,2
E07000149,70.90111444719768,105,4
E07000163,72.00000745632256,109,4
E07000164,115.09810518519127,271,9
E07000165,55.84601080049856,47,2
E07000166,65.30248901730015,83,3
E07000167,93.38015549247578,210,7
E07000168,81.16977265832809,157,5
E07000169,83.69033829359607,169,6
E07000150,82.00676417872637,164,6
E07000151,38.290294501676,5,1
E07000152,68.46065568462178,91,3
E07000153,48.436366996810875,26,1
E07000154,55.09273686726603,45,2
E07000155,40.626254261898445,7,1
E07000156,73.68259453898817,118,4
E07000170,99.86864270860293,229,8
E07000171,109.19169366063383,255,9
E07000172,122.58174905427671,286,10
E07000173,113.81096891291331,268,9
E07000174,95.10851941359623,218,7
E07000175,106.0201371483238,248,8
E07000176,77.90682439207119,140,5
E07000179,91.80881874809573,200,7
E07000180,66.91099749336604,87,3
E07000181,112.57326237508035,264,9
E07000177,61.57857298625623,61,2
E07000178,43.660326877389345,13,1
E07000187,80.93322489038466,154,5
E07000188,115.23351015437198,273,9
E07000189,121.07208672222109,284,9
E07000246,128.04905397321883,293,10
E07000192,105.0128668317173,245,8
E07000193,76.07548690601332,132,5
E07000194,112.58278585323305,265,9
E07000195,131.8057373248399,299,10
E07000196,131.7749435273108,298,10
E07000197,86.26967159566134,180,6
E07000198,120.03702407534358,282,9
E07000199,146.478150195843,312,10
E07000200,88.11364488402982,185,6
E07000202,82.60066932922633,165,6
E07000203,106.06867705145955,249,8
E07000244,157.95991162865135,315,10
E07000245,162.3756885350046,316,10
E07000207,42.47931464004283,9,1
E07000208,90.658083120379,196,7
E07000209,81.68649449561326,160,6
E07000210,77.81229244664958,139,5
E07000211,52.90631906295357,38,2
E07000212,76.19515863188998,133,5
E07000213,73.43598182045207,117,4
E07000214,64.44362196566624,77,3
E07000215,70.36534388367798,100,4
E07000216,64.09401419347017,75,3
E07000217,49.836971438032535,29,1
E07000218,92.92746010317022,206,7
E07000219,92.7129206841046,205,7
E07000220,63.85777017222331,73,3
E07000221,57.86183139505064,55,2
E07000222,61.2228512204816,60,2
E07000223,86.5123693608627,182,6
E07000224,69.60202601405902,97,4
E07000225,71.70726289382725,108,4
E07000226,63.61197556501827,69,3
E07000227,51.747802770514824,32,2
E07000228,66.39825883016744,86,3
E07000229,62.84352865003876,67,3
E07000234,60.17424998008272,59,2
E07000235,63.53162898677368,68,3
E07000236,91.33991666675061,197,7
E07000237,89.67482544469975,193,7
E07000238,69.31554435285227,96,4
E07000239,103.05127336862002,236,8
E09000002,74.26662109262404,122,4
E06000058,123.61700521970842,289,10
E06000043,70.82525194943767,104,4
E06000023,95.03750771454395,217,7
E06000050,73.94586919991264,121,4
E06000052,83.79943820526373,170,6
E06000053,138.0783159695316,306,10
E06000047,91.47576077650446,198,7
E09000013,44.639152354375696,15,1
E06000019,104.32322081340712,240,8
E09000020,89.00619801193645,191,7
E06000010,88.82174752755668,188,6
E06000003,68.95026525045462,95,4
E06000033,105.2588673151157,246,8
E08000013,101.20250270046898,233,8
E06000004,57.01464498166152,51,2
E06000021,94.63259282416274,214,7
E06000020,53.55087935314305,42,2
E06000040,44.85124513617674,16,1
