LAD19CD,spend_millions,population,spend_per_person,spend_ranked
E07000223,8.48130423513355,63869,1.3279218768312562e-4,142
E07000026,10.471885833257366,97527,1.0737422286400039e-4,239
E07000032,11.822077433057798,126678,9.332384023317228e-5,295
E07000224,17.76806502060317,159827,1.1117060960040025e-4,215
E07000170,11.905424658019255,127151,9.363217480019233e-5,293
E07000105,14.101688382407106,129281,1.0907781021501308e-4,229
E07000004,22.11686821716482,199448,1.1089039858592124e-4,217
E07000200,9.213638061571013,91401,1.0080456517511857e-4,269
E09000002,163.02192208486105,211998,7.68978585103921e-4,84
E09000003,284.5059967357599,392140,7.25521489100219e-4,105
E08000016,197.57043281866453,245199,8.057554591114341e-4,61
E07000027,9.323108735759266,67137,1.3886692488135105e-4,131
E07000066,24.287635971679403,185862,1.3067564091465391e-4,147
E07000084,14.703348777415176,175729,8.367058810677337e-5,307
E07000171,11.960580299811035,116839,1.0236804748252753e-4,262
E06000022,136.64007966539336,192106,7.112743988495589e-4,110
E06000055,149.4714678438404,171623,8.70929116982225e-4,37
E09000004,171.15285220567532,247258,6.922034967753331e-4,115
E08000025,961.8619488843042,1141374,8.427228488508624e-4,50
E07000129,10.752842946476173,100421,1.070776326313836e-4,241
E06000008,129.3323056713886,148942,8.683400630539982e-4,38
E06000009,141.8175636923419,139305,0.0010180364214661492,4
E07000033,9.257189411503775,79530,1.163987100654316e-4,187
E08000001,229.32986860307764,285372,8.0361727360455e-4,64
E07000136,8.569482111966323,69366,1.2354009330170867e-4,164
E06000058,247.61014552290695,1187352,2.0853979740035553e-4,123
E06000036,87.38607348889606,121676,7.181866061416883e-4,108
E08000032,427.9051268007191,537173,7.965871829014472e-4,73
E07000067,14.390980500278749,151561,9.49517389056469e-5,290
E07000143,11.536551658538093,139329,8.280079278928358e-5,309
E09000005,277.0551074550611,330795,8.375432139393313e-4,52
E07000068,8.871818512000218,76550,1.1589573497061029e-4,190
E06000043,237.31113841246525,290395,8.17201186013758e-4,58
E06000023,385.1971965857234,463405,8.312322840403609e-4,55
E07000144,11.35321529483033,129464,8.76939944295737e-5,300
E09000006,223.67902064170073,331096,6.755714978184597e-4,118
E07000234,12.06891686679527,98662,1.22325889063624e-4,166
E07000095,7.885634160464875,96876,8.139925430927035e-5,310
E07000172,8.82159534794522,113272,7.787975270097835e-5,311
E07000117,13.996015641931985,88527,1.5809883585721853e-4,124
E08000002,143.84060883095674,190108,7.566257539448984e-4,91
E08000033,163.0479997368062,210082,7.761159915499957e-4,81
E07000008,18.40188529050438,125758,1.4632775084292356e-4,125
E09000007,262.69137811028264,262226,0.0010017747214627179,7
E07000192,11.172779896782767,100109,1.116061482662175e-4,213
E07000106,17.564263484687977,164553,1.0673924805192234e-4,243
E07000028,12.62567538002431,108387,1.1648698995289389e-4,186
E07000069,10.775028362344418,90070,1.1962949219878337e-4,174
E06000056,213.68901821674828,283606,7.534714294364304e-4,93
E07000130,17.305937372807982,182643,9.47528094304626e-5,292
E07000070,21.46273348711729,177079,1.2120428445562315e-4,167
E07000078,13.497605243586234,117090,1.1527547393958693e-4,193
E07000177,17.317595936895028,149161,1.161000257231785e-4,188
E06000049,300.62779042590046,380790,7.894844676223127e-4,75
E06000050,283.1531975827354,340502,8.315757252020117e-4,54
E07000034,9.025390957898981,104628,8.626171730224205e-5,303
E07000225,13.08245899908929,120750,1.0834334574815148e-4,231
E07000005,10.547341902935706,95927,1.0995175396849382e-4,221
E07000118,12.853937576375838,116821,1.1003105243385896e-4,220
E07000071,20.683868492103986,192523,1.0743583100255028e-4,237
E07000029,7.190129712741184,68424,1.0508198457765089e-4,252
E07000150,8.297783815012764,70827,1.1715565836492813e-4,184
E06000052,500.2602954495287,565968,8.839020853644176e-4,28
E07000079,11.467056442086752,89022,1.2881148976754905e-4,153
E08000026,275.79060981792804,366785,7.519135455864553e-4,95
E07000163,6.434244467749053,56832,1.1321516870335468e-4,204
E07000226,13.175655456993901,112448,1.1717109648009658e-4,183
E09000008,308.70928139736765,385346,8.011223196747018e-4,69
E07000096,16.875428741821626,154280,1.0938183006106836e-4,228
E06000005,88.22759895655224,106566,8.279150850792208e-4,56
E07000107,15.18649038327123,109709,1.384252010616379e-4,133
E07000151,11.481238785629541,84484,1.3589838058839e-4,137
E06000015,196.08971583058556,257174,7.624787724676117e-4,88
E07000035,9.01600158815075,71977,1.2526225861248387e-4,159
E08000017,248.23161141048217,310542,7.993495611237197e-4,70
E07000108,13.20519688658149,116969,1.12894842963362e-4,208
E08000027,246.21341581670976,320626,7.679146913123382e-4,87
E06000047,450.805586981406,526980,8.554510360571673e-4,43
E09000009,271.1044664740517,341982,7.927448417579045e-4,74
E07000009,7.86173982061971,89362,8.797631902396668e-5,299
E07000040,15.50098392752148,144317,1.074092721406451e-4,238
E06000059,41.48302037949565,1882420,2.2037069506005914e-5,316
E07000085,12.29502045110664,120681,1.018803328701837e-4,264
E07000137,15.792350224672406,140741,1.1220859752788743e-4,211
E07000152,9.50865371937798,93906,1.0125714777946009e-4,266
E06000011,264.3594215536549,339614,7.784114363767539e-4,79
E07000193,12.979026942957478,118574,1.0945929919676724e-4,226
E07000061,13.028112765576795,103160,1.2629035251625432e-4,157
E07000086,12.685951303728771,131819,9.62376539325042e-5,285
E07000030,7.248758779326244,52881,1.3707680980553022e-4,135
E07000207,18.085043354898435,136626,1.3236897336450188e-4,144
E09000010,248.69761300782486,333869,7.448957914865556e-4,98
E07000072,13.189640360060093,131137,1.0057909178996082e-4,270
E07000208,8.623955558855219,79928,1.0789655138193398e-4,234
E07000036,10.261698329259758,115490,8.885356593003513e-5,298
E07000041,13.169694991632312,130428,1.0097291219394848e-4,268
E07000087,9.85137579232167,116339,8.4678188675523e-5,304
E07000010,12.913907949229001,101491,1.2724190272269463e-4,156
E07000245,16.493767490962707,357762,4.610262546319259e-5,315
E07000080,9.107325770054961,86543,1.0523468992356357e-4,250
E07000119,10.29624655057878,79770,1.290741701213336e-4,152
E07000173,9.862352502099979,117786,8.373110982714396e-5,306
E07000081,12.902379661135143,129285,9.979796311354869e-5,276
E07000088,8.989251236391791,85283,1.0540496038356755e-4,248
E07000109,10.862323523060258,106385,1.0210390114264471e-4,263
E07000145,11.289731818600075,99370,1.1361308059374131e-4,201
E09000011,252.90159054709105,286186,8.836965838548743e-4,29
E07000209,14.028468074731348,147889,9.48580900184013e-5,291
E09000012,272.1862909676112,279665,9.732583303867529e-4,11
E06000006,112.72315072546286,128432,8.77687420000178e-4,34
E07000164,8.803750932506501,91134,9.660226625086687e-5,282
E09000013,168.63922075616486,185426,9.094691184416687e-4,23
E07000131,10.864322894329858,92499,1.174534091647462e-4,182
E09000014,233.92700414921688,270624,8.643985904768863e-4,39
E07000073,11.901506520622924,86594,1.3744031365479044e-4,134
E07000165,21.41446817499355,160533,1.3339605050047997e-4,140
E09000015,192.09914640598137,250149,7.679388940430758e-4,86
E07000089,11.138156709706667,96293,1.1566943297754423e-4,191
E06000001,90.66751728885954,93242,9.723892375631104e-4,12
E07000062,12.292414398592804,92855,1.323829023595154e-4,143
E07000090,13.012076429173689,125813,1.0342394211388083e-4,256
E09000016,182.18525799422198,257810,7.066648229092044e-4,112
E06000019,163.01528026992455,192107,8.485650198583318e-4,45
E07000098,11.787372120712146,104205,1.1311714524938482e-4,207
E07000037,9.19660132044282,92221,9.972350462956182e-5,277
E09000017,194.7573968026401,304824,6.389175288121674e-4,120
E07000132,9.828431329970835,112423,8.742367068990184e-5,301
E07000227,17.109452861373267,142217,1.2030525789021894e-4,171
E09000018,190.98568322731919,270782,7.053115909747295e-4,114
E07000011,16.240363862641562,177352,9.157136013488183e-5,296
E07000120,10.784177607019263,80815,1.3344277184952378e-4,139
E07000202,19.27657276582988,137532,1.4016063727590583e-4,129
E06000046,140.31567993074924,141538,9.91364014828168e-4,8
E06000053,5.378099807893676,2242,0.0023987956324235844,1
E09000019,239.784465300171,239142,0.0010026865431424468,6
E09000020,169.28011837540606,156197,0.0010837603691198042,3
E07000153,11.898095387293518,101266,1.174934863359224e-4,180
E07000146,15.240155634893323,151811,1.0038900761402878e-4,272
E06000010,228.98178513346176,260645,8.785197687792275e-4,32
E09000021,132.42244313408548,175470,7.5467283942603e-4,92
E08000034,320.20376135401386,438727,7.298474024940655e-4,103
E08000011,163.60536055710145,149571,0.0010938307596867136,2
E09000022,311.65222857514175,325917,9.562318890243276e-4,15
E07000121,17.450283682292028,144246,1.2097585847990259e-4,169
E08000035,588.9086253657943,789194,7.462152846648534e-4,97
E06000016,289.95361606681666,355218,8.162694910359741e-4,59
E07000063,10.570580587602194,102744,1.0288270446548892e-4,261
E09000023,276.94958050371184,303536,9.124109842117965e-4,21
E07000194,10.898117772723813,103965,1.0482487156950717e-4,253
E07000138,11.700181504247242,99039,1.1813711269547594e-4,179
E08000012,487.3211362524662,494814,9.848572115026377e-4,9
E06000032,154.6159600815804,214109,7.22136669087149e-4,107
E07000110,24.697352547340024,169955,1.453170106636464e-4,127
E07000074,7.566992799801951,64425,1.1745429258520684e-4,181
E07000235,9.000654748841079,78113,1.1522607951097869e-4,194
E08000003,472.22114300599355,547627,8.623043476782437e-4,41
E07000174,10.391751712044478,108841,9.547644464902451e-5,288
E06000035,196.18293463277467,277855,7.060622793643255e-4,113
E07000133,5.784793938016636,51100,1.1320536082224338e-4,205
E07000187,11.9615935139069,114881,1.041215998633969e-4,255
E09000024,150.7662418429599,206186,7.312147373874069e-4,102
E07000042,10.2289962839625,81695,1.252095756651264e-4,160
E07000203,10.797528098755985,102493,1.0534893211005614e-4,249
E07000228,16.011881526709526,149716,1.0694836575055122e-4,242
E06000002,133.2866920443643,140545,9.48355985943038e-4,16
E06000042,195.79153466654682,268607,7.289144909348856e-4,104
E07000210,9.401751956620073,87253,1.0775276445073605e-4,235
E07000091,17.205558967044603,179753,9.571778477713642e-5,287
E07000175,12.704002115013658,121566,1.0450292117050539e-4,254
E08000021,269.056708854051,300196,8.962701330265927e-4,25
E07000195,12.115992073874178,129490,9.356700960594779e-5,294
E09000025,280.58164156459344,352005,7.970956138821705e-4,72
E07000043,11.777562223681986,96110,1.2254252651838505e-4,165
E07000038,9.84268919582751,101125,9.733190799334992e-5,279
E06000012,133.4681272250348,159821,8.35110074552373e-4,53
E07000099,15.315435730654949,133214,1.1496866493502897e-4,196
E07000139,11.958239198496692,115985,1.0310160105614253e-4,259
E06000013,130.25462844337093,172005,7.572723376842006e-4,90
E07000147,11.202280739404213,104552,1.0714554230817404e-4,240
E06000024,164.67923636025708,213919,7.69820522535432e-4,83
E08000022,180.53420269190417,205985,8.764434434153175e-4,35
E07000218,7.219042654274092,64850,1.1131908487700989e-4,214
E07000134,12.088858631486122,102126,1.1837199764493001e-4,176
E07000154,25.721556447140493,225146,1.142438970585331e-4,198
E07000148,17.1018706130192,141137,1.2117212788297329e-4,168
E06000018,280.0130993720924,331069,8.457847136762802e-4,47
E07000219,14.6033502908809,128902,1.1329033134381856e-4,202
E07000135,5.786279297321455,57056,1.0141403703942539e-4,265
E08000004,199.98979286166718,235623,8.487702510436892e-4,44
E07000178,21.55565658721797,154327,1.3967521293887635e-4,130
E07000122,12.450855428289161,91405,1.362163495245245e-4,136
E06000031,153.16643175382765,201041,7.618666428928808e-4,89
E06000026,211.36322353954492,263100,8.03356987987628e-4,65
E06000044,161.92630674497084,215133,7.526800014175921e-4,94
E07000123,20.6967004203115,141818,1.45938459295093e-4,126
E06000038,140.71260151033368,163203,8.6219371892878e-4,42
E09000026,210.05163167360277,303858,6.912822162773492e-4,116
E06000003,122.81713040217161,136718,8.98324510321769e-4,24
E07000236,9.67098389756376,84989,1.1379100704283801e-4,199
E07000211,18.430022901504877,147757,1.247319781905756e-4,161
E07000124,6.962075644546111,60057,1.1592446583322696e-4,189
E09000027,166.03739012370482,196904,8.432403106270306e-4,49
E07000166,6.80177666946326,53244,1.277472892619499e-4,154
E08000005,194.39433233538526,220001,8.836065851309097e-4,30
E07000075,9.815294215253083,86981,1.1284411785623392e-4,209
E07000125,8.294296661290934,70895,1.1699409917893976e-4,185
E07000064,10.595887788099207,95656,1.1077075968155899e-4,218
E08000018,218.7532738551071,264671,8.265101724597977e-4,57
E07000220,12.363523527936485,107194,1.1533783166909047e-4,192
E07000212,9.309962177525943,88000,1.0579502474461299e-4,246
E07000176,11.788693353560301,117671,1.0018350616175864e-4,274
E07000092,10.297275474805259,95142,1.0823059715798764e-4,232
E06000017,35.34270496346679,39697,8.90311735482953e-4,26
E07000167,7.60899887173905,54920,1.3854695687798708e-4,132
E08000006,243.3039250601574,254408,9.563532792213979e-4,14
E08000028,286.7115528337923,327378,8.757813684297427e-4,36
E07000168,14.265567609449029,108736,1.311945226001419e-4,146
E07000188,12.273594312499032,122791,9.995516212506642e-5,275
E08000014,244.26112081351766,275396,8.869450566221646e-4,27
E07000169,11.087925198912023,89106,1.244352254495996e-4,162
E07000111,14.962253183678156,120293,1.243817444379819e-4,163
E08000019,467.8610485109472,582506,8.031866598986916e-4,66
E07000112,16.051398669420657,112578,1.4258024364814312e-4,128
E06000051,257.68282880817134,320274,8.045699270255198e-4,62
E06000039,109.19675884953267,149112,7.323136893712959e-4,101
E08000029,157.68523100763383,214909,7.337302346929809e-4,100
E07000006,6.9614955189244805,70043,9.938888281376413e-5,278
E07000012,15.16935183482427,157519,9.630172763174138e-5,284
E07000039,12.577636717894949,104493,1.2036822292301827e-4,170
E06000025,208.55691795411377,282644,7.378784547137522e-4,99
E07000044,10.188232187958572,86221,1.1816416172346149e-4,178
E07000140,10.32705227237625,93980,1.0988563813977707e-4,223
E07000141,13.735632017329497,141853,9.683004248996846e-5,281
E07000031,12.364276044994014,104532,1.1828221066270629e-4,177
E07000149,15.870839120672512,138017,1.1499191491390562e-4,195
E07000155,12.566988281429404,92515,1.358373051011123e-4,138
E07000179,12.751529047640181,140504,9.075563007202771e-5,297
E07000126,11.18897090479163,110527,1.012329196014696e-4,267
E07000189,16.094607746925888,167861,9.588056634314039e-5,286
E07000196,7.503698845530559,112126,6.692202384398409e-5,312
E08000023,147.369266667138,150265,9.807291562715069e-4,10
E06000045,196.0607694184998,252796,7.755691127173681e-4,82
E06000033,142.00176931866986,182463,7.78249668802277e-4,80
E09000028,318.5079612919489,317256,0.0010039462178554508,5
E07000213,10.881640078801185,99334,1.095459769947972e-4,224
E08000013,155.36961447629332,180049,8.629296162505391e-4,40
E07000197,14.01038193942434,135880,1.0310849234195128e-4,258
E07000198,8.575901280020842,98397,8.715612549184266e-5,302
E08000007,235.75931063309895,291775,8.080175156648066e-4,60
E06000004,155.48883237093781,197213,7.884309471025633e-4,76
E06000021,214.8382128687065,255833,8.397595809325087e-4,51
E07000221,16.49219635719491,127580,1.2926944942149953e-4,151
E07000082,13.468685313232585,119019,1.1316416129552917e-4,206
E07000244,24.43382093706046,496498,4.9212324998409785e-5,314
E08000024,252.88674247236227,277417,9.115762281055677e-4,22
E07000214,11.32253473492655,88874,1.27399855243677e-4,155
E09000029,160.13996870735465,204525,7.829848121616167e-4,78
E07000113,14.918528043398958,148519,1.004486162942045e-4,271
E06000030,160.91423916453692,221996,7.248519755515276e-4,106
E08000008,190.11869644726877,225197,8.442328114818083e-4,48
E07000199,7.281522370377128,76678,9.496234083279595e-5,289
E07000215,11.045762258041886,87496,1.2624305406009289e-4,158
E07000246,17.177149863348355,307732,5.581853646467821e-5,313
E07000045,14.602767468938548,132844,1.0992417774937933e-4,222
E06000020,139.46439314448676,177799,7.843935744547875e-4,77
E07000076,15.53949771386328,145803,1.0657872412682372e-4,244
E07000093,13.700059139685418,125169,1.0945249334647891e-4,227
E07000083,10.138994477099988,92599,1.0949356339809272e-4,225
E07000114,16.131391222982554,141819,1.1374633316398053e-4,200
E07000102,9.789697770628589,93045,1.052146571081583e-4,251
E06000034,123.46176108383555,172525,7.156166415524449e-4,109
E07000115,16.891061708522773,130508,1.2942548892422512e-4,149
E06000027,127.72284772553007,135780,9.406602424917519e-4,17
E07000046,8.082880419674991,68143,1.1861644511798704e-4,175
E09000030,307.766774822665,317705,9.687187007527896e-4,13
E08000009,163.00300298693557,236370,6.896095231498733e-4,117
E07000116,12.1505640524248,118054,1.0292378108683145e-4,260
E07000077,11.530015088562141,89179,1.2929069723322914e-4,150
E07000180,14.98069109875476,133732,1.1202024271494302e-4,212
E08000036,275.6329708499713,345038,7.988481583187107e-4,71
E08000030,249.05317592903234,283378,8.788726574717597e-4,31
E09000031,221.98175911622624,276700,8.022470513777602e-4,67
E09000032,201.329090903859,326474,6.166772573125548e-4,122
E06000007,148.66557205638276,209547,7.094617057575759e-4,111
E07000222,17.07791949482176,142484,1.1985850688373264e-4,173
E07000103,12.855055552086627,96767,1.3284544888326214e-4,141
E07000216,13.27305664146582,125610,1.0566878943926295e-4,247
E07000065,18.144781679668057,160175,1.1328098442121466e-4,203
E07000156,7.6743887696645094,79478,9.655991305348032e-5,283
E06000037,127.0279477358665,158527,8.013016567264031e-4,68
E07000047,7.343847337932217,55528,1.3225485048862226e-4,145
E07000127,11.75959490355726,113949,1.0320050990844377e-4,257
E07000142,10.879951395062617,94869,1.1468394728586385e-4,197
E07000181,9.122236914877893,109800,8.308048192056369e-5,308
E09000033,216.4190842701147,255324,8.476253085104208e-4,46
E08000010,243.8657751908443,326088,7.478526507901066e-4,96
E06000054,382.83323855387476,498064,7.686426614930506e-4,85
E07000094,13.389870155754725,124295,1.0772653892557807e-4,236
E06000040,94.96211284827615,150906,6.292799017154795e-4,121
E08000015,283.895843808797,323235,8.78295493398911e-4,33
E07000217,13.164026052696464,101167,1.3012173982322758e-4,148
E06000041,135.04588859833925,167979,8.0394506812363e-4,63
E08000031,239.77403888783988,262008,9.151401441476591e-4,20
E07000237,9.886698581179788,101891,9.703210863746345e-5,280
E07000229,13.231143209565,110025,1.2025578922576687e-4,172
E07000238,14.04564528869479,127340,1.1030033994577343e-4,219
E07000007,14.709549492264241,174641,8.422735492962271e-5,305
E07000128,12.492614574541776,111223,1.1232042450340105e-4,210
E07000239,10.731800763841518,101062,1.0619026700284496e-4,245
E06000014,135.61662540871475,209893,6.461226692110493e-4,119
E07000242,16.428280728011192,148105,1.1092320129645313e-4,216
E08000037,190.26909716060547,202508,9.395633612529157e-4,18
E06000057,299.11826706174634,320274,9.339448942522538e-4,19
E07000240,14.781637573592755,147373,1.0030085275859727e-4,273
E07000243,9.471711812423962,87754,1.079348156485626e-4,233
E07000241,13.301485203711808,122746,1.0836593619109224e-4,230
