LAD19CD,Proportion of neighbourhoods in 20% most clinically vulnerable,Extent of population living in highly clinically vulnerable areas,Population-weighted clinical vulnerability score
E06000001,0.5833333333333334,0.5685848030986713,0.8154372323427386
E06000002,0.5263157894736842,0.5153910247888389,0.8138290117729083
E06000003,0.47368421052631576,0.5002456458588211,0.7937634469902564
E06000004,0.4166666666666667,0.41391809336792407,0.40610194730179683
E06000005,0.3333333333333333,0.3737878527465559,0.46990100246663824
E06000006,0.25,0.32576112364191906,0.314234821954299
E06000007,0.08,0.0985258300298413,-0.32787128815634364
E06000008,0.16666666666666666,0.3150930174868493,0.1880248616609679
E06000009,0,0.04395391407343598,-0.7689793553577977
E06000010,0.5,0.4959419294846489,0.7974964129764787
E06000011,0.23255813953488372,0.217077390957474,0.2770013289119844
E06000012,0.5217391304347826,0.4962490437492735,0.8444368897907749
E06000013,0.08695652173913043,0.2863429918652915,0.2860044481627412
E06000014,0.041666666666666664,0.04835895081378557,-0.3605303991814927
E06000015,0.22580645161290322,0.34808670394363345,0.3765549955792013
E06000016,0.35135135135135137,0.3410967868211989,0.2934524835930508
E06000017,0,0.19769755900949693,-0.2782575221994481
E06000018,0.4473684210526316,0.3985726063464906,0.5044199191769366
E06000019,0.43478260869565216,0.5057327700872841,0.7732442954576837
E06000020,0.5652173913043478,0.5841511304456452,0.8172454923763949
E06000021,0.9117647058823529,0.9154649507172339,1.3036583412090788
E06000022,0.037037037037037035,0.21547954336613503,-0.016410388931485293
E06000023,0.07272727272727272,0.09936782023681683,-0.3183852474266283
E06000024,0.038461538461538464,0.11238965018977916,-0.3887403836145235
E06000025,0,0.08140303331175762,-0.38178471117717305
E06000026,0.3125,0.3031964032087059,0.39819942695912514
E06000027,0.058823529411764705,0.2884550472513586,0.25995808197676745
E06000030,0.18518518518518517,0.17743338903213995,-0.05488568274801564
E06000031,0.045454545454545456,0.14538464136275944,-0.22826778264028783
E06000032,0,0.2665362772675305,-0.5422408326751801
E06000033,0,0.22863090916485732,-0.20348567876716928
E06000034,0,0.14609257239606768,-0.6479044104415872
E06000035,0,0.06818921076782758,-0.6636952388794245
E06000036,0,0.05506426904237483,-1.180695563105365
E06000037,0,0.08451621888750147,-1.160846857291681
E06000038,0,0.10260490890099093,-1.1838741798350445
E06000039,0,0.10674597123744496,-0.8940002484753303
E06000040,0,0.09315823653204819,-1.2843252062965307
E06000041,0,0.04238029753719215,-1.5179855971734106
E06000042,0,0.052063012034996144,-1.0406489086584079
E06000043,0,0.08059621151226867,-0.9818860174015369
E06000044,0.04,0.10623403833173456,-0.4407918994899826
E06000045,0,0.12497817045739397,-0.5691070702987912
E06000046,0,0.2896996789406006,-0.22465693815385093
E06000047,0.6515151515151515,0.6050487235109291,0.8490241118665969
E06000049,0,0.09047963306201373,-0.6275901228261692
E06000050,0,0.19538662575287444,-0.5337529364462034
E06000051,0.38461538461538464,0.43459761263628544,0.7593751199388101
E06000052,0.0547945205479452,0.12737560390247094,0.12810258780278042
E06000053,0,1,-0.64267579996593
E06000054,0,0.0897145748337563,-0.37657678663004523
E06000055,0,0.2564426403405015,-0.5448345293914509
E06000056,0,0.08948730577669464,-1.2226546557607494
E06000057,0.3,0.336076929852498,0.4609361642611155
E06000058,0.020833333333333332,0.1373347184588723,-0.22761493007367628
E06000059,0,0.19417184290770165,0.016570653943028896
E07000004,0,0.03989009666680037,-1.317129895599852
E07000005,0,0.1739176665589459,-1.3355360806809866
E07000006,0,0.09685478920091943,-1.1920438144033514
E07000007,0,0.07109956997497724,-1.164888704364684
E07000008,0,0.1661913524806625,-0.8810526468167543
E07000009,0,0.40167179267297176,-0.5310393581712727
E07000010,0.09090909090909091,0.25247421472165793,0.44725535034858444
E07000011,0,0.08438161040428668,-0.9289928196554683
E07000012,0,0.04622299532119935,-1.0770088238122484
E07000026,0.25,0.3683364606724292,0.5551804457897618
E07000027,0,0.45230557626471557,0.1612029972504522
E07000028,0.07692307692307693,0.2867561802177674,0.07337607902594522
E07000029,0.5,0.6818804343812881,0.6801600390184058
E07000030,0,0.30696300233194884,-0.03927288522743977
E07000031,0,0.22991680210743826,-0.27188669919927
E07000032,0.125,0.38250369149796293,0.3028200474244652
E07000033,0.6,0.6192242583070275,0.8167866688183594
E07000034,0.46153846153846156,0.43686602459239043,0.6235557457270541
E07000035,0,0.5588052250609294,0.26578973065168504
E07000036,0.2,0.19115801778235525,0.4360579534694124
E07000037,0.09090909090909091,0.1544549163650932,-0.17746311331161715
E07000038,0.15384615384615385,0.2809769045605361,0.5182701613397023
E07000039,0,0.21618524434021516,-0.4380942323644881
E07000040,0.1,0.31155364123495677,0.10075919402388832
E07000041,0,0.15328842450684627,-0.1498442604850729
E07000042,0,0.1686027296652182,-0.3462052675412051
E07000043,0.14285714285714285,0.3445764721344512,0.2570321961105768
E07000044,0,0.20816002817728493,-0.2608380926609952
E07000045,0,0.13412148241942667,-0.20455389382359485
E07000046,0,0.23505163676695368,0.03626975632269999
E07000047,0,0.6077715178307387,-0.16407379350396992
E07000061,0.07692307692307693,0.15611872716883327,-0.07933717194637105
E07000062,0,0.24821099110384326,-0.5215775026169512
E07000063,0,0.22024023940954932,-0.9163440004010354
E07000064,0,0.26535581997772717,-0.2652073480197446
E07000065,0,0.07315447742189875,-0.8655272843277688
E07000066,0.045454545454545456,0.2614017530833572,-0.09765792260157867
E07000067,0,0.04939463318399852,-1.094341005323993
E07000068,0,0.177564887070714,-1.0414030052937535
E07000069,0,0.09298902023572307,-0.48662559338013883
E07000070,0,0.046301368315836436,-0.9391100328191069
E07000071,0,0.18366814409324161,-0.5077326182706061
E07000072,0,0.07334410819059056,-1.3576149825385195
E07000073,0.36363636363636365,0.6260283014624812,0.38865318757190137
E07000074,0,0.24121802177154178,-0.34494573591986294
E07000075,0,0.08040376633977535,-0.5489896888742909
E07000076,0.2222222222222222,0.3753971743415863,0.43126015748533386
E07000077,0,0.15291716659751736,-0.9397760907411551
E07000078,0.06666666666666667,0.12473551608973754,-0.4213436599846977
E07000079,0,0.07965783738851069,-0.5372740598202042
E07000080,0,0.5291672773558869,0.1683665394641009
E07000081,0.13333333333333333,0.2588808283616571,-0.015885770817062186
E07000082,0,0.17752240796582236,-0.29980807439665214
E07000083,0,0.12203155541636519,-0.2904929103332777
E07000084,0,0.044762105287118235,-1.1213117052916768
E07000085,0,0.10811277578688312,-1.3253320211085668
E07000086,0,0.13161635911443162,-0.8295088734502207
E07000087,0,0.2499466396072096,-0.8782122228323787
E07000088,0,0.18141950916360822,-0.4677328745350241
E07000089,0,0.18798614644885922,-1.295750605040886
E07000090,0,0.22713392097795934,-0.33160822229166914
E07000091,0,0.09012366970231372,-0.5208497186454417
E07000092,0,0.06443000987996889,-1.0279383293854583
E07000093,0,0.050927945417795134,-1.0861568074752768
E07000094,0,0.06656744036365099,-1.2960916873054535
E07000095,0,0.13979862482913588,-0.4710195632142174
E07000096,0,0.10295916174283258,-0.6420391319553892
E07000098,0,0.08578283191785423,-1.1909900880782742
E07000099,0.06666666666666667,0.10947284661877643,-0.5177024277919843
E07000102,0,0.14200698021048103,-1.1339219823646827
E07000103,0,0.08560769683879835,-1.0992331840371106
E07000105,0,0.12177146558353713,-0.9933039947451735
E07000106,0,0.0977071217176229,-0.8919643611644841
E07000107,0,0.08922297311883925,-0.9894907592785843
E07000108,0,0.2163578878974231,-0.5126368952028576
E07000109,0,0.13341396566096822,-0.7832121000900832
E07000110,0,0.07321938160101203,-1.1066475381958836
E07000111,0,0.0800960986923595,-0.9741563028541168
E07000112,0,0.15027875409891248,-0.5138214427837334
E07000113,0,0.07613475646036429,-0.5349114319538472
E07000114,0,0.24798876329019826,-0.28898141694223234
E07000115,0,0.052678762987709564,-0.9160804885906058
E07000116,0,0.11609094143358124,-1.158485785818797
E07000117,0.16666666666666666,0.29557851217558956,0.19481275273858675
E07000118,0,0.12932583768509537,-0.4260770985399344
E07000119,0,0.49446695433582066,-0.5810749407527201
E07000120,0.2222222222222222,0.591949123566821,0.6259516818729094
E07000121,0.1111111111111111,0.11552618078618615,-0.1074937806085487
E07000122,0.07692307692307693,0.27242339616340233,0.3137672296950803
E07000123,0,0.2812317826183448,-0.3515310875145673
E07000124,0,0.23599501526181704,-0.4803593020113417
E07000125,0,0.3639095252059198,-0.25653565986768967
E07000126,0,0.21400667519677258,-0.02325561325777832
E07000127,0,0.118320707648066,-0.8201962585546356
E07000128,0.2857142857142857,0.2700422385184435,0.33678228618543815
E07000129,0,0.19818432818885123,-0.17317446532917438
E07000130,0,0.08485290689314241,-0.2071974275089001
E07000131,0,0.07302781651693532,-0.5607265699348383
E07000132,0.07142857142857142,0.15742892094097619,0.09552412724710958
E07000133,0,0.36176125244618396,-0.17933573669823197
E07000134,0,0.12267042157417513,-0.38888138965908253
E07000135,0.16666666666666666,0.4715428701626472,0.32948782328300874
E07000136,0.375,0.46093444839501224,0.6005134313948685
E07000137,0.5,0.44275468301422655,0.8464274609527848
E07000138,0.18181818181818182,0.18777536334702807,-0.001685839203293662
E07000139,0,0.4537317212071434,0.09671559454538574
E07000140,0.2727272727272727,0.5205547932930858,0.5749923655278443
E07000141,0.125,0.16503593230501404,-0.061182732042975696
E07000142,0,0.14512782446265235,-0.28069624938793897
E07000143,0.058823529411764705,0.28661447290037856,0.20254936163053644
E07000144,0.05555555555555555,0.13327675728591082,-0.09571341567045817
E07000145,0.46153846153846156,0.5097599614412907,0.8786773480136939
E07000146,0.21052631578947367,0.4085671622852376,0.5138024805820226
E07000147,0.07142857142857142,0.6174081343557072,0.5618742873027044
E07000148,0.21428571428571427,0.22522118300136146,0.25199463586976095
E07000149,0.06666666666666667,0.14403986465435414,-0.1699841995104113
E07000150,0,0.44608564381855564,-0.2881355982617645
E07000151,0,0.15389905656380903,-0.7520566276439394
E07000152,0,0.15722999034869134,-0.5086595577321307
E07000153,0,0.188399987734232,-0.3350614786563559
E07000154,0.03225806451612903,0.19222532560158623,-0.26397767706092323
E07000155,0,0.2474817170473067,-0.8454564515454258
E07000156,0.1,0.1260568962480183,0.06848563240704462
E07000163,0,0.36694903167970605,-0.24535333479388716
E07000164,0,0.24265425232711113,-0.25705618405256275
E07000165,0,0.22832729587981088,-0.5714424896837174
E07000166,0,0.3754541159073026,-0.42534243859756543
E07000167,0,0.5814816766972055,0.3389859377346963
E07000168,0.21428571428571427,0.43194410024472596,0.6190671762573973
E07000169,0,0.17437239148642597,-0.5849237442202462
E07000170,0.3125,0.3843906271407928,0.648715228262693
E07000171,0,0.17981268421097676,-0.4149563200389608
E07000172,0.14285714285714285,0.38378906758208464,0.3320165274934159
E07000173,0.13333333333333333,0.40006856770575,0.28904280336295674
E07000174,0.46153846153846156,0.5696699289499555,0.7117365730325173
E07000175,0.23076923076923078,0.30178915157198555,0.23988327080181795
E07000176,0,0.04371510397634081,-0.5929066988022862
E07000177,0,0.096741105248691,-1.0036997880366723
E07000178,0,0.03818515230646614,-1.2627361197751827
E07000179,0,0.044326140181062464,-1.264109124147843
E07000180,0,0.05941734214698053,-1.1688766979742338
E07000181,0,0.1841761336401112,-1.0686326917234363
E07000187,0,0.37827701800352675,0.0019381407894460295
E07000188,0.14285714285714285,0.2509322644510634,0.09273009100103624
E07000189,0.041666666666666664,0.1792461588676596,0.1546606486370442
E07000192,0.6923076923076923,0.6953255425270666,0.9701794587415195
E07000193,0.3333333333333333,0.3695027444553834,0.6547936978258135
E07000194,0.25,0.3766520615490537,0.4370890208595832
E07000195,0.75,0.8128939849043413,1.149790216601875
E07000196,0.42857142857142855,0.5697364665878706,0.9812367758813629
E07000197,0.3125,0.34229046914460126,0.6760173342381116
E07000198,0.8461538461538461,0.7883748060354856,1.0868879888185263
E07000199,0.5,0.5095229400871175,0.8142983995763567
E07000200,0,0.35124782695571105,-0.0999384365406264
E07000202,0.25,0.23105499275192604,0.23837898252303766
E07000203,0.08333333333333333,0.06220912647693013,-0.27391415131462493
E07000207,0,0.10992049367192959,-1.4586798929575422
E07000208,0,0.09714249403410437,-1.4555479622916923
E07000209,0,0.04431025972181839,-1.3707457836786938
E07000210,0,0.0782586272105257,-1.340392286110412
E07000211,0,0.0559742115699924,-1.307419394579552
E07000212,0,0.16037808014354066,-1.1824506427571475
E07000213,0,0.15563778448678725,-1.2921592348414546
E07000214,0,0.14520930282138048,-1.504207517596511
E07000215,0,0.13302048695158392,-1.2953570270483963
E07000216,0,0.05769445107873577,-1.325005893527156
E07000217,0,0.10463886445184695,-1.3820188864364038
E07000218,0.2857142857142857,0.41649283772267987,0.7064759493922027
E07000219,0.7058823529411765,0.6429122001291883,0.9759477498485777
E07000220,0.25,0.3941654481839616,0.3591320769417036
E07000221,0.13333333333333333,0.24605325038572287,0.24234358888671362
E07000222,0.06666666666666667,0.11412234282261054,0.024875761334654172
E07000223,0,0.13148492267478415,-0.9429386321281484
E07000224,0,0.10160841673217061,-0.3161817802612456
E07000225,0,0.0890600414078675,-0.7755868277782416
E07000226,0,0.1730010175463559,-1.0057818732656005
E07000227,0,0.11115243458569428,-1.3550708260539237
E07000228,0,0.09018808944935744,-1.0879082673048153
E07000229,0,0.28080194692593785,-1.1402899116777796
E07000234,0.14285714285714285,0.32486092869968597,0.16271102934401355
E07000235,0.18181818181818182,0.23282548831079403,0.4530156338255081
E07000236,0.23076923076923078,0.5477400171291517,0.5612678796455535
E07000237,0.21428571428571427,0.23506515476548984,0.33054101410370695
E07000238,0.3157894736842105,0.2999385193390261,0.3980347463130166
E07000239,0.5,0.6091540211376237,0.988957313265661
E07000240,0,0.046745333270001965,-1.143975564045982
E07000241,0,0.05001384973848435,-0.881612006953117
E07000242,0,0.13243397731694617,-0.8972021518942002
E07000243,0,0.38524445729269496,-0.34641987893679416
E07000244,0.1,0.20949105429162695,0.12526011495510855
E07000245,0.047619047619047616,0.17488150752381984,-0.17448999809056254
E07000246,0.10526315789473684,0.12438432415902556,0.22023945187604932
E08000001,0.2571428571428571,0.3292802948985516,0.4408177962386643
E08000002,0,0.21910295034512234,-0.1420762349271731
E08000003,0,0.20213428983019846,-0.3492072981309734
E08000004,0.24242424242424243,0.39101235984245125,0.49138747170784464
E08000005,0.04,0.36132231695597555,0.1452971654109363
E08000006,0.13333333333333333,0.2806536516561048,0.17008013740208033
E08000007,0.023809523809523808,0.08573605292470315,-0.33297191081488753
E08000008,0.1,0.22800861140760265,0.2827858356407143
E08000009,0,0.055902209515411826,-0.7867415563224667
E08000010,0.15,0.24047136452672122,0.32579618152658685
E08000011,0.4,0.4886554317277237,0.6123957169909416
E08000012,0.3770491803278688,0.3577233912243048,0.39088856858809
E08000013,0.043478260869565216,0.3532552980460582,0.2311206638449995
E08000014,0.10526315789473684,0.18755498302540036,-0.07699842010691219
E08000015,0.09523809523809523,0.1666541615070671,-0.05248954339706247
E08000016,0.43333333333333335,0.5106016788511843,0.763989869128158
E08000017,0.48717948717948717,0.46037821310042304,0.649947631500169
E08000018,0.36363636363636365,0.3902475148391777,0.5875434550697872
E08000019,0.5142857142857142,0.463487979432604,0.42462415514301943
E08000021,0.5172413793103449,0.4038802631403623,0.3810421718715396
E08000022,0.43333333333333335,0.4865483562293115,0.6259109381998837
E08000023,0.6956521739130435,0.703866572563909,1.0106033129547751
E08000024,0.6944444444444444,0.6922476955174643,1.0905315653553602
E08000025,0.5,0.4600782454904536,0.7364154614887222
E08000026,0.5952380952380952,0.5996586125673795,0.8921095074287164
E08000027,0.813953488372093,0.806093925797133,1.1242412180415733
E08000028,0.9473684210526315,0.8947177992541054,1.233326411351951
E08000029,0.4482758620689655,0.3918515817343497,0.5322000419072669
E08000030,0.9487179487179487,0.9149513705145925,1.3182332172178466
E08000031,0.7878787878787878,0.8414691536136301,1.2041152101951567
E08000032,0.19672131147540983,0.27503484371936626,0.38201296112699534
E08000033,0.037037037037037035,0.24311123626413544,0.027046011117695664
E08000034,0.1016949152542373,0.2018930846937185,0.19685754128060784
E08000035,0.1308411214953271,0.1853297461514032,0.027926418435566733
E08000036,0.3333333333333333,0.342171769943875,0.5258119497449858
E08000037,0.4074074074074074,0.4047503646379662,0.7167571336338271
E09000001,0,1,-1.0684612752977831
E09000002,0,0.3326597048333623,0.20742147384210258
E09000003,0,0.08635602751970965,-0.7163022984474505
E09000004,0.07142857142857142,0.2583165953653354,0.22723019562493071
E09000005,0,0.135577369033612,-0.17053170309178967
E09000006,0,0.1706445451343099,-0.5866931632837862
E09000007,0,0.1419841944293131,-0.5475588819403544
E09000008,0.06818181818181818,0.07363672073791783,-0.1696948650278439
E09000009,0,0.18443828530218115,-0.5291424940603453
E09000010,0,0.03627962495848119,-0.49404822625538525
E09000011,0,0.23724989121907097,-0.2026544501566952
E09000012,0,0.0901182900218024,-0.4406494546295023
E09000013,0,0.08962065729725066,-1.1552093399240662
E09000014,0,0.2958173857844327,-0.4231577179856757
E09000015,0,0.09564384889763594,-0.21824519614267174
E09000016,0,0.35055750971237487,0.16958725705141137
E09000017,0,0.06695540101138603,-0.28671931889969793
E09000018,0,0.16812117069120272,-0.23576649601621644
E09000019,0,0.06701976011609927,-0.7034449833609887
E09000020,0.047619047619047616,0.1045302945706552,-0.6856919561094036
E09000021,0,0.10324753369146922,-0.9090603074936978
E09000022,0,0.02395701973201766,-1.0429090152015572
E09000023,0,0.16346610408129858,-0.1963309726818452
E09000024,0,0.1887347882622078,-0.7253084862937301
E09000025,0,0.45105298294955437,-0.0863970014852552
E09000026,0,0.2968255687992764,-0.05025106894994049
E09000027,0,0.08738994102389194,-1.211363408624478
E09000028,0,0.03176667555870537,-0.878818258742062
E09000029,0,0.1290257914680357,-0.605886476578788
E09000030,0,0.03765627497869175,-0.8433682869941027
E09000031,0,0.25150984345576627,-0.41525294957375625
E09000032,0,0.021857789594270906,-1.2510820576863038
E09000033,0,0.14884832604847173,-0.6367911734869787
N09000001,0.1388888888888889,0.1870573737573787,-0.20781349204449967
N09000002,0.07777777777777778,0.11851822618794995,-0.1559649330199164
N09000003,0.16666666666666666,0.16975244246649385,0.014110401488003386
N09000004,0.08333333333333333,0.10102988967323452,0.0029881156082965207
N09000005,0.08,0.16604265228897463,0.09118916455292791
N09000006,0.04081632653061224,0.06284913846824253,-0.2853448362394984
N09000007,0.04411764705882353,0.11041189626757318,-0.4793605479104842
N09000008,0.2153846153846154,0.18249773538829445,0.004997992607124764
N09000009,0,0.07570121314358838,-0.337895835905719
N09000010,0,0.17196933723743457,-0.31229530959058
N09000011,0.06976744186046512,0.12214719145686545,-0.19292484232997903
S12000005,0.16666666666666666,0.6257869137825107,0.6005554439333103
S12000006,0.65,0.6535465916286112,0.9994749208037378
S12000008,0.6,0.576400110585064,0.7387422960538976
S12000010,0,0.41201598499509956,0.12556108908364205
S12000011,0.05,0.1324871006453825,-0.4463650309003688
S12000013,0.6666666666666666,0.6714246621025168,0.9227346151092024
S12000014,0.40476190476190477,0.4090994793957577,0.44758624809063985
S12000017,0.23214285714285715,0.2289900363330845,0.33600112255940695
S12000018,0.6470588235294118,0.6232194161026366,0.7639161834799358
S12000019,0.13636363636363635,0.16550836665783134,-0.09644375898524285
S12000020,0.16666666666666666,0.32258055629022303,0.3437695217631657
S12000021,0.5263157894736842,0.5488180070963926,0.8071756110260566
S12000023,0.16666666666666666,0.23070432390123574,0.29371880819595464
S12000026,0.36666666666666664,0.34033657819398844,0.5397081536743804
S12000027,0.14285714285714285,0.175438291247911,0.4551086629117896
S12000028,0.44,0.3630995347097196,0.48730702229214234
S12000029,0.43902439024390244,0.40889055792575285,0.5470509737101081
S12000030,0.20833333333333334,0.29437752124400896,-0.022712589293159783
S12000033,0.1836734693877551,0.17172285389162834,-0.19124614686404828
S12000034,0.13559322033898305,0.17495340111475,-0.23573966755888948
S12000035,0.34782608695652173,0.3450643708738575,0.5475641707222266
S12000036,0.05405405405405406,0.07455155560066994,-0.6648116676963547
S12000038,0.3684210526315789,0.36173652535072426,0.4504086393364947
S12000039,0.7222222222222222,0.7395278629087022,1.0042114724292661
S12000040,0.2702702702702703,0.29610548276918275,0.18197287349970365
S12000041,0.4230769230769231,0.5259858669424335,0.6618574893930613
S12000042,0.45161290322580644,0.4616322865988501,0.46979408387251126
S12000045,0.07142857142857142,0.09277089497490609,-0.07893224765211686
S12000047,0.375,0.3953140261721497,0.45007456703394183
S12000048,0.17142857142857143,0.16359485616679015,0.28497996299293776
S12000049,0.4852941176470588,0.42560695912127505,0.4321270422881003
S12000050,0.5897435897435898,0.5842694579649782,0.7939948035643695
W06000001,0.3333333333333333,0.6827910512548719,0.79922439671418
W06000002,0.7647058823529411,0.692210587348721,1.0646863181134134
W06000003,0.26666666666666666,0.4616475232422716,0.590667477632446
W06000004,0.6,0.6326668028510382,0.8904698605700467
W06000005,0.3,0.3537063972909077,0.5391119085685854
W06000006,0.4444444444444444,0.4721336733691772,0.7849800834085413
W06000008,0.5555555555555556,0.5762939053162278,0.7540125470914919
W06000009,0.6875,0.7197457539735148,1.0198076827949396
W06000010,0.48,0.5653772021487224,0.9134879583905376
W06000011,0.6774193548387096,0.6342874665748708,0.9681794092734521
W06000012,1,0.9636192948327461,1.3522115887475112
W06000013,0.631578947368421,0.6068630015359778,0.8610569452923081
W06000014,0.06666666666666667,0.25894625338741245,0.36763378774145766
W06000015,0.25,0.25471491950539193,0.14095276580566524
W06000016,0.8709677419354839,0.7920066108652536,1.1726158394448138
W06000018,0.9166666666666666,0.8159029395285927,1.1506070435572635
W06000019,1,1,1.460081157219306
W06000020,0.15384615384615385,0.6277097352781301,0.5776973736709881
W06000021,0.18181818181818182,0.28508311632259886,0.3606635876963654
W06000022,0.45,0.4204920765273087,0.6555923585539656
W06000023,0.42105263157894735,0.5685009654308595,0.7709732992280013
W06000024,1,0.910385473428849,1.349960246196837
