WD17CD,Prop_top20,Deprivation_q
W05000043,0,1
W05000044,0,1
W05000046,0,1
W05000047,0,1
W05000048,0,1
W05000049,0,1
W05000050,0,1
W05000051,0,1
W05000052,0,1
W05000053,0,1
W05000054,1,5
W05000057,0,1
W05000058,0,1
W05000059,0,1
W05000060,0,1
W05000061,0,1
W05000062,0,1
W05000063,0,1
W05000064,0,1
W05000065,0,1
W05000066,0,1
W05000067,0,1
W05000068,0,1
W05000069,0,1
W05000070,0,1
W05000071,0,1
W05000072,0,1
W05000073,0,1
W05000074,0,1
W05000075,0,1
W05000076,0,1
W05000077,0,1
W05000078,0,1
W05000079,0,1
W05000080,0,1
W05000081,0,1
W05000082,0,1
W05000083,0,1
W05000084,0,1
W05000085,0,1
W05000086,0,1
W05000087,1,5
W05000088,0,1
W05000089,0,1
W05000090,0,1
W05000091,0,1
W05000092,0,1
W05000093,1,5
W05000094,0,1
W05000095,0,1
W05000096,0,1
W05000097,0,1
W05000098,0,1
W05000099,0,1
W05000100,0,1
W05000101,0,1
W05000102,0,1
W05000103,0,1
W05000104,0,1
W05000105,0,1
W05000106,0,1
W05000107,0,1
W05000109,0,1
W05000110,0,1
W05000111,0,1
W05000112,0.5,3
W05000113,0,1
W05000114,0,1
W05000115,0,1
W05000116,0,1
W05000117,0,1
W05000118,0.3333333333333333,2
W05000119,0,1
W05000121,0,1
W05000123,0,1
W05000124,0,1
W05000125,0,1
W05000126,0.3333333333333333,2
W05000127,0,1
W05000128,0,1
W05000129,0,1
W05000130,0,1
W05000131,0,1
W05000132,0,1
W05000133,0,1
W05000134,0,1
W05000135,0.5,3
W05000137,0,1
W05000138,0,1
W05000139,0,1
W05000140,0,1
W05000143,0.5,3
W05000144,0.25,2
W05000145,0,1
W05000146,0,1
W05000148,0,1
W05000149,0,1
W05000150,0,1
W05000151,0,1
W05000152,0,1
W05000153,0,1
W05000154,0.5,3
W05000155,0,1
W05000156,0,1
W05000157,0,1
W05000158,0,1
W05000159,0,1
W05000160,0,1
W05000161,0,1
W05000162,0,1
W05000163,0,1
W05000164,0.5,3
W05000165,0,1
W05000166,0,1
W05000167,0,1
W05000168,0,1
W05000169,0,1
W05000170,0.3333333333333333,2
W05000171,0,1
W05000172,0.2,2
W05000173,0.6666666666666666,4
W05000174,1,5
W05000175,0,1
W05000176,0,1
W05000177,0,1
W05000178,0,1
W05000179,0,1
W05000180,0,1
W05000181,0,1
W05000182,0,1
W05000183,0,1
W05000186,0,1
W05000187,0,1
W05000188,0,1
W05000189,0,1
W05000190,0,1
W05000191,0,1
W05000192,0,1
W05000193,0,1
W05000194,0.5,3
W05000195,0.25,2
W05000196,0,1
W05000197,0,1
W05000198,0,1
W05000199,0,1
W05000200,0,1
W05000201,0.3333333333333333,2
W05000202,0,1
W05000203,0,1
W05000204,0.5,3
W05000205,0,1
W05000206,0,1
W05000207,0,1
W05000209,0,1
W05000211,1,5
W05000212,0,1
W05000213,0,1
W05000216,0,1
W05000217,0,1
W05000218,0,1
W05000220,0,1
W05000221,0,1
W05000222,0,1
W05000223,0,1
W05000224,0,1
W05000225,0,1
W05000227,0,1
W05000228,0,1
W05000229,0,1
W05000230,0.5,3
W05000231,0,1
W05000232,1,5
W05000233,0,1
W05000234,0,1
W05000235,0,1
W05000236,0,1
W05000237,0,1
W05000238,0,1
W05000239,0,1
W05000241,0,1
W05000244,0,1
W05000245,0,1
W05000246,0,1
W05000247,0,1
W05000249,0,1
W05000250,0,1
W05000251,0,1
W05000253,0,1
W05000254,0,1
W05000256,0,1
W05000257,0,1
W05000258,0.5,3
W05000260,0,1
W05000261,0,1
W05000262,0,1
W05000263,0,1
W05000264,0,1
W05000265,0,1
W05000266,0,1
W05000268,0,1
W05000269,0,1
W05000270,0,1
W05000271,0,1
W05000272,0,1
W05000273,0,1
W05000274,1,5
W05000275,0,1
W05000276,1,5
W05000278,0,1
W05000279,0,1
W05000280,0.5,3
W05000281,0,1
W05000283,1,5
W05000284,0,1
W05000285,0,1
W05000286,0,1
W05000287,0,1
W05000288,0,1
W05000289,0,1
W05000290,0,1
W05000292,0,1
W05000293,0,1
W05000294,0,1
W05000295,0,1
W05000296,0,1
W05000297,0,1
W05000298,0,1
W05000299,0,1
W05000300,0,1
W05000301,0,1
W05000302,0,1
W05000303,0,1
W05000304,0,1
W05000305,0,1
W05000306,0,1
W05000307,0,1
W05000308,0,1
W05000310,0,1
W05000311,1,5
W05000312,0,1
W05000313,0,1
W05000314,0,1
W05000315,0,1
W05000316,0,1
W05000317,0,1
W05000319,0,1
W05000320,0,1
W05000321,0,1
W05000322,0,1
W05000324,0,1
W05000325,0,1
W05000326,0,1
W05000327,0,1
W05000328,0,1
W05000329,0,1
W05000330,0,1
W05000331,0,1
W05000332,0,1
W05000333,0,1
W05000334,0,1
W05000335,0,1
W05000336,0,1
W05000337,0,1
W05000338,0,1
W05000339,1,5
W05000340,0,1
W05000341,0,1
W05000342,0,1
W05000343,0,1
W05000344,0,1
W05000345,0,1
W05000346,0,1
W05000347,0,1
W05000349,0,1
W05000350,0,1
W05000351,1,5
W05000352,0,1
W05000353,0,1
W05000354,0,1
W05000355,0,1
W05000356,0.5,3
W05000357,0,1
W05000358,0,1
W05000359,0,1
W05000360,1,5
W05000361,1,5
W05000362,0,1
W05000363,0,1
W05000364,0,1
W05000365,0,1
W05000366,0,1
W05000367,0,1
W05000368,0,1
W05000369,0,1
W05000370,0,1
W05000371,0,1
W05000372,0,1
W05000373,0,1
W05000374,0,1
W05000376,0,1
W05000377,0,1
W05000378,0,1
W05000379,0,1
W05000380,0,1
W05000381,0,1
W05000382,0,1
W05000383,0,1
W05000384,0,1
W05000385,0,1
W05000386,0,1
W05000387,0,1
W05000388,0,1
W05000389,0,1
W05000390,0,1
W05000391,0,1
W05000392,0,1
W05000393,0,1
W05000394,0,1
W05000395,0,1
W05000396,0,1
W05000400,0,1
W05000402,0,1
W05000406,0,1
W05000407,0,1
W05000408,0,1
W05000409,0,1
W05000410,0.5,3
W05000413,0,1
W05000414,0,1
W05000415,0,1
W05000417,0,1
W05000418,0,1
W05000419,0,1
W05000421,0,1
W05000422,0,1
W05000423,0,1
W05000425,0,1
W05000426,0,1
W05000427,1,5
W05000428,0,1
W05000429,0.5,3
W05000430,0,1
W05000431,1,5
W05000432,0,1
W05000433,0,1
W05000434,0,1
W05000435,0,1
W05000436,0,1
W05000437,1,5
W05000438,0.5,3
W05000439,0,1
W05000440,0.5,3
W05000441,1,5
W05000442,0,1
W05000443,0,1
W05000444,0,1
W05000447,0,1
W05000448,0,1
W05000449,0,1
W05000450,0,1
W05000451,0,1
W05000452,0,1
W05000454,0,1
W05000455,0,1
W05000456,0,1
W05000457,0,1
W05000458,0.5,3
W05000459,0,1
W05000460,0.25,2
W05000461,0,1
W05000463,0.25,2
W05000464,0,1
W05000465,0,1
W05000466,0,1
W05000467,0,1
W05000468,0,1
W05000469,0,1
W05000470,0,1
W05000471,0,1
W05000472,1,5
W05000473,0,1
W05000474,0,1
W05000475,0.75,4
W05000476,0,1
W05000477,0,1
W05000478,0,1
W05000479,0,1
W05000480,0.5,3
W05000481,0,1
W05000482,0,1
W05000483,0,1
W05000484,0,1
W05000485,0,1
W05000486,0.5,3
W05000487,0,1
W05000488,0,1
W05000489,0,1
W05000490,0,1
W05000491,0.5,3
W05000493,0,1
W05000494,0,1
W05000495,0,1
W05000496,0,1
W05000497,0,1
W05000498,0.3333333333333333,2
W05000499,0.6666666666666666,4
W05000500,0,1
W05000501,0.5,3
W05000502,0,1
W05000503,0,1
W05000504,0,1
W05000505,0,1
W05000506,0,1
W05000507,0,1
W05000508,0,1
W05000509,0,1
W05000510,0,1
W05000511,0,1
W05000512,0,1
W05000513,0.6666666666666666,4
W05000514,0,1
W05000524,0,1
W05000525,0,1
W05000526,0,1
W05000527,0,1
W05000532,0,1
W05000533,0,1
W05000534,0,1
W05000537,0,1
W05000538,0,1
W05000544,0.25,2
W05000545,0.25,2
W05000546,0.1111111111111111,1
W05000548,0,1
W05000550,0.25,2
W05000551,0.75,4
W05000552,0,1
W05000553,0,1
W05000555,0,1
W05000557,1,5
W05000559,0,1
W05000560,0.25,2
W05000561,0,1
W05000562,0,1
W05000563,0.3333333333333333,2
W05000564,0,1
W05000565,0,1
W05000566,0,1
W05000567,0,1
W05000568,0.5,3
W05000569,0.5,3
W05000570,1,5
W05000571,0.5,3
W05000572,0,1
W05000573,0.5,3
W05000574,1,5
W05000575,0,1
W05000577,1,5
W05000578,0.6666666666666666,4
W05000579,0.6666666666666666,4
W05000581,0,1
W05000582,0,1
W05000584,0,1
W05000585,0,1
W05000587,1,5
W05000590,0,1
W05000591,0,1
W05000592,0.5,3
W05000593,0,1
W05000594,1,5
W05000595,1,5
W05000596,0,1
W05000598,0,1
W05000599,0,1
W05000601,0.8,4
W05000602,0,1
W05000603,0,1
W05000604,0,1
W05000605,0.25,2
W05000607,0,1
W05000608,0,1
W05000609,0,1
W05000610,0,1
W05000611,0,1
W05000612,0,1
W05000613,0.3333333333333333,2
W05000614,0.5,3
W05000615,0.6666666666666666,4
W05000616,0.5,3
W05000617,0,1
W05000618,0,1
W05000619,0,1
W05000620,0.5,3
W05000622,0,1
W05000623,0,1
W05000624,0,1
W05000625,0,1
W05000626,0,1
W05000627,0,1
W05000628,0.4,3
W05000629,0,1
W05000630,0.5,3
W05000631,0,1
W05000632,0,1
W05000633,0.25,2
W05000634,0.5,3
W05000635,0.6666666666666666,4
W05000636,0,1
W05000637,0.6666666666666666,4
W05000638,0,1
W05000640,0,1
W05000641,0.75,4
W05000642,0,1
W05000644,0,1
W05000645,0,1
W05000646,0,1
W05000648,0,1
W05000649,0,1
W05000650,0,1
W05000651,0,1
W05000652,0,1
W05000654,0,1
W05000655,0.6666666666666666,4
W05000657,0.25,2
W05000658,0.25,2
W05000659,0,1
W05000661,0,1
W05000663,0,1
W05000664,0.5,3
W05000666,0.5,3
W05000667,0.3333333333333333,2
W05000668,0.5,3
W05000669,0.5,3
W05000671,0,1
W05000672,0.3333333333333333,2
W05000677,0.5,3
W05000678,1,5
W05000680,0.6666666666666666,4
W05000681,0.75,4
W05000682,0.25,2
W05000683,0.5,3
W05000684,1,5
W05000686,0,1
W05000687,0,1
W05000688,0,1
W05000689,0,1
W05000690,1,5
W05000691,0,1
W05000693,0,1
W05000694,0,1
W05000695,0.25,2
W05000696,0.25,2
W05000697,0,1
W05000698,0.6666666666666666,4
W05000699,0,1
W05000700,0.75,4
W05000701,0,1
W05000702,1,5
W05000704,0.5,3
W05000705,0.3333333333333333,2
W05000706,0.25,2
W05000707,0,1
W05000708,0.25,2
W05000709,0.25,2
W05000710,1,5
W05000711,0.3333333333333333,2
W05000712,0.3333333333333333,2
W05000713,0.5,3
W05000714,0,1
W05000715,0.25,2
W05000716,0,1
W05000718,0.5,3
W05000719,0,1
W05000720,0.5,3
W05000721,0.5,3
W05000722,0.25,2
W05000723,0.2857142857142857,2
W05000724,0,1
W05000726,0,1
W05000728,0.5,3
W05000729,0,1
W05000730,0.3333333333333333,2
W05000734,0.6666666666666666,4
W05000735,0,1
W05000736,0.25,2
W05000737,0.6666666666666666,4
W05000742,1,5
W05000745,0.2,2
W05000748,0.5,3
W05000749,0,1
W05000750,0,1
W05000751,0.3333333333333333,2
W05000760,0,1
W05000761,1,5
W05000764,0.5,3
W05000765,0.5,3
W05000766,0.75,4
W05000768,0.25,2
W05000769,0,1
W05000770,0,1
W05000772,0,1
W05000773,1,5
W05000774,0,1
W05000776,0.3333333333333333,2
W05000780,0,1
W05000782,0,1
W05000783,0,1
W05000784,0,1
W05000787,0.5,3
W05000788,0.25,2
W05000790,0,1
W05000791,0,1
W05000792,0,1
W05000793,0,1
W05000794,0,1
W05000795,0,1
W05000796,0,1
W05000797,0,1
W05000798,0,1
W05000799,0,1
W05000800,0,1
W05000801,0,1
W05000802,0,1
W05000803,0,1
W05000804,0.5,3
W05000805,0,1
W05000806,0,1
W05000807,0,1
W05000808,0,1
W05000809,0,1
W05000810,0,1
W05000811,0,1
W05000812,0,1
W05000813,0,1
W05000814,0,1
W05000815,0,1
W05000816,0.5,3
W05000817,0,1
W05000818,0,1
W05000819,0,1
W05000820,0,1
W05000821,0,1
W05000822,0,1
W05000823,0,1
W05000824,0,1
W05000825,0,1
W05000826,0,1
W05000827,0,1
W05000828,0,1
W05000829,0,1
W05000830,0,1
W05000831,0,1
W05000832,0,1
W05000833,0.3333333333333333,2
W05000834,0.3333333333333333,2
W05000835,0.2,2
W05000836,0.8333333333333334,4
W05000837,0,1
W05000838,0.3333333333333333,2
W05000839,0,1
W05000840,0,1
W05000841,0.42857142857142855,3
W05000842,0,1
W05000843,0.2,2
W05000844,0,1
W05000845,1,5
W05000846,0.6666666666666666,4
W05000847,0,1
W05000848,0.3333333333333333,2
W05000849,0.25,2
W05000850,0.6666666666666666,4
W05000851,0.5,3
W05000852,1,5
W05000853,0.8,4
W05000854,0.25,2
W05000855,0.7142857142857143,4
W05000856,0.1111111111111111,1
W05000857,0,1
W05000858,0,1
W05000860,0.8,4
W05000861,0.375,2
W05000862,0,1
W05000863,0.5,3
W05000864,0,1
W05000865,0,1
W05000866,0,1
W05000867,0.3333333333333333,2
W05000871,0,1
W05000872,0,1
W05000873,0.18181818181818182,2
W05000875,0,1
W05000876,0,1
W05000877,0.5,3
W05000879,0.625,4
W05000881,0.1,1
W05000889,0,1
W05000890,0.5,3
W05000891,0,1
W05000893,0,1
W05000894,0,1
W05000895,0,1
W05000896,0.14285714285714285,2
W05000897,0.16666666666666666,2
W05000898,0,1
W05000899,0.3333333333333333,2
W05000900,0,1
W05000903,0,1
W05000904,0,1
W05000905,0.5,3
W05000906,0,1
W05000907,0,1
W05000908,0,1
W05000909,0,1
W05000910,0,1
W05000911,0,1
W05000912,0,1
W05000913,0,1
W05000914,0,1
W05000915,0,1
W05000916,0,1
W05000917,0,1
W05000918,0.3333333333333333,2
W05000919,0,1
W05000920,0.25,2
W05000921,0,1
W05000922,0,1
W05000923,0.25,2
W05000924,0,1
W05000925,0,1
W05000926,0.25,2
W05000927,0,1
W05000928,0,1
W05000929,0,1
W05000930,0.5,3
W05000931,0,1
W05000932,0,1
W05000933,0,1
W05000934,0,1
W05000935,0,1
W05000936,0,1
W05000937,0.3333333333333333,2
W05000938,0,1
W05000939,0.25,2
W05000940,0.3333333333333333,2
W05000941,0.3333333333333333,2
W05000942,0.6666666666666666,4
W05000943,0.3333333333333333,2
W05000944,0.6666666666666666,4
W05000945,0.5,3
W05000946,0,1
W05000947,0,1
W05000948,0,1
W05000949,0,1
W05000950,0,1
W05000951,0,1
W05000952,0,1
W05000953,0,1
W05000954,0,1
W05000955,0,1
W05000956,0,1
W05000957,0,1
W05000958,0,1
W05000959,0,1
W05000960,0.5,3
W05000961,0.3,2
W05000962,0.2,2
W05000963,0.25,2
W05000964,0,1
W05000965,0,1
W05000966,0,1
W05000967,0,1
W05000968,0,1
W05000969,0.75,4
W05000970,0,1
W05000971,0.125,1
W05000972,0.36363636363636365,2
W05000973,0.16666666666666666,2
W05000974,0,1
W05000975,1,5
W05000976,0.5,3
W05000977,0,1
W05000978,0.25,2
W05000979,0.8333333333333334,4
W05000980,0,1
W05000981,0,1
W05000982,0,1
W05000983,0,1
W05000984,0.6666666666666666,4
W05000985,0.16666666666666666,2
W05000986,0,1
W05000987,0,1
W05000988,0,1
W05000989,0,1
W05000990,0,1
W05000991,0.25,2
W05000992,0.6,3
W05000993,0,1
W05000994,0.5,3
W05000995,0,1
W05000996,0,1
W05000997,0,1
W05000998,0.25,2
W05000999,1,5
W05001000,0.3333333333333333,2
W05001001,0.6,3
W05001002,0,1
W05001003,0,1
W05001004,0,1
W05001005,0,1
W05001006,0,1
W05001007,0,1
W05001008,0,1
W05001009,0,1
W05001010,0,1
W05001011,0,1
W05001012,0,1
W05001013,0.42857142857142855,3
W05001014,0.3333333333333333,2
W05001015,0.3333333333333333,2
W05001016,0.7,4
W05001017,1,5
W05001018,0,1
W05001019,0,1
W05001020,0.3333333333333333,2
W05001021,0.5,3
W05001022,0,1
W05001023,0,1
W05001024,0.5,3
W05001025,0.5,3
W05001026,0.3333333333333333,2
W05001027,0,1
W05001028,0.5,3
W05001029,0.25,2
W05001030,0,1
W05001031,0,1
W05001032,0.25,2
W05001033,0.75,4
W05001034,0,1
W05001035,0.3333333333333333,2
W05001036,0,1
W05001037,0,1
W05001038,0,1
