MMWcode,Prop_top20,Deprivation_q
S13002516,0.2222222222222222,4
S13002517,0,1
S13002518,0,1
S13002519,0,1
S13002520,0,1
S13002521,0,1
S13002522,0.25,4
S13002523,0.2727272727272727,4
S13002524,0.08333333333333333,3
S13002525,0.16666666666666666,3
S13002526,0,1
S13002545,0.46153846153846156,5
S13002546,0.44,5
S13002547,0.09090909090909091,3
S13002548,0.17391304347826086,4
S13002549,0,1
S13002551,0.6818181818181818,5
S13002552,0.04,2
S13002600,0,1
S13002601,0,1
S13002602,0,1
S13002603,0,1
S13002604,0,1
S13002605,0,1
S13002606,0.2,4
S13002607,0,1
S13002608,0,1
S13002732,0,1
S13002733,0,1
S13002734,0,1
S13002735,0,1
S13002736,0,1
S13002737,0,1
S13002761,0,1
S13002762,0,1
S13002763,0.11764705882352941,3
S13002764,0.07692307692307693,3
S13002765,0,1
S13002766,0,1
S13002767,0,1
S13002768,0,1
S13002769,0,1
S13002770,0.3333333333333333,4
S13002771,0,1
S13002772,0,1
S13002773,0,1
S13002774,0,1
S13002775,0,1
S13002776,0,1
S13002777,0,1
S13002778,0,1
S13002820,0.045454545454545456,2
S13002821,0.07692307692307693,3
S13002822,0.125,3
S13002823,0.21212121212121213,4
S13002824,0.3076923076923077,4
S13002825,0.19047619047619047,4
S13002826,0.25,4
S13002827,0.20689655172413793,4
S13002828,0.18181818181818182,4
S13002830,0.43478260869565216,5
S13002835,0,1
S13002836,0,1
S13002837,0.10526315789473684,3
S13002838,0.22727272727272727,4
S13002839,0.09523809523809523,3
S13002840,0.4117647058823529,5
S13002841,0.05555555555555555,2
S13002842,0.041666666666666664,2
S13002843,0,1
S13002844,0.043478260869565216,2
S13002845,0,1
S13002846,0.14285714285714285,3
S13002847,0.047619047619047616,2
S13002848,0,1
S13002849,0,1
S13002850,0.09090909090909091,3
S13002851,0,1
S13002852,0.21052631578947367,4
S13002853,0,1
S13002854,0,1
S13002855,0,1
S13002856,0,1
S13002857,0,1
S13002858,0,1
S13002859,0,1
S13002860,0,1
S13002861,0.045454545454545456,2
S13002862,0,1
S13002863,0,1
S13002864,0,1
S13002865,0,1
S13002866,0,1
S13002867,0,1
S13002868,0.13333333333333333,3
S13002869,0.09523809523809523,3
S13002870,0,1
S13002871,0,1
S13002872,0.043478260869565216,2
S13002873,0.5,5
S13002874,0.047619047619047616,2
S13002875,0.25,4
S13002876,0.17647058823529413,4
S13002877,0.6363636363636364,5
S13002878,0.47058823529411764,5
S13002879,0.18181818181818182,4
S13002880,0.4,5
S13002881,0.15,3
S13002882,0,1
S13002883,0,1
S13002884,0.07692307692307693,3
S13002885,0.47368421052631576,5
S13002886,0.21428571428571427,4
S13002887,0,1
S13002888,0.05555555555555555,2
S13002889,0.09523809523809523,3
S13002890,0,1
S13002891,0,1
S13002892,0.0625,2
S13002893,0.47058823529411764,5
S13002894,0.18181818181818182,4
S13002895,0.3181818181818182,4
S13002896,0.7857142857142857,5
S13002897,0.35294117647058826,4
S13002898,0.47368421052631576,5
S13002899,0.21052631578947367,4
S13002900,0.47058823529411764,5
S13002901,0,1
S13002902,0,1
S13002903,0,1
S13002904,0.043478260869565216,2
S13002905,0.10526315789473684,3
S13002906,0.058823529411764705,2
S13002907,0.4,5
S13002908,0.2962962962962963,4
S13002909,0.08333333333333333,3
S13002910,0.23076923076923078,4
S13002911,0,1
S13002912,0.09523809523809523,3
S13002913,0,1
S13002914,0.23076923076923078,4
S13002915,0,1
S13002916,0,1
S13002917,0,1
S13002918,0,1
S13002919,0.07894736842105263,3
S13002920,0.2702702702702703,4
S13002921,0.07407407407407407,3
S13002922,0.16216216216216217,3
S13002923,0.05263157894736842,2
S13002924,0,1
S13002925,0.15,3
S13002926,0.125,3
S13002927,0.038461538461538464,2
S13002928,0,1
S13002929,0,1
S13002930,0,1
S13002931,0,1
S13002932,0.10526315789473684,3
S13002933,0.02631578947368421,2
S13002934,0.225,4
S13002935,0.3157894736842105,4
S13002936,0.09523809523809523,3
S13002937,0.32,4
S13002938,0.1111111111111111,3
S13002939,0.037037037037037035,2
S13002940,0.047619047619047616,2
S13002941,0.5,5
S13002942,0.34782608695652173,4
S13002943,0.05555555555555555,2
S13002944,0.1,3
S13002946,0.17391304347826086,4
S13002947,0.21739130434782608,4
S13002948,0.06666666666666667,2
S13002949,0,1
S13002950,0.04,2
S13002953,0.1,3
S13002954,0.09523809523809523,3
S13002955,0.21052631578947367,4
S13002956,0.45,5
S13002958,0.2962962962962963,4
S13002959,0.23809523809523808,4
S13002960,0,1
S13002961,0,1
S13002962,0,1
S13002963,0.05555555555555555,2
S13002964,0.05555555555555555,2
S13002965,0.2692307692307692,4
S13002966,0.64,5
S13002967,0.41025641025641024,5
S13002968,0.3448275862068966,4
S13002969,0.5121951219512195,5
S13002970,0.4864864864864865,5
S13002971,0.375,5
S13002972,0.15151515151515152,3
S13002973,0.08108108108108109,3
S13002974,0.3225806451612903,4
S13002975,0.5517241379310345,5
S13002976,0.06896551724137931,3
S13002977,0.06666666666666667,2
S13002978,0.08695652173913043,3
S13002979,0.275,4
S13002980,0.5,5
S13002981,0.5555555555555556,5
S13002982,0.78125,5
S13002983,0.5135135135135135,5
S13002984,0.6578947368421053,5
S13002985,0.20588235294117646,4
S13002986,0.3333333333333333,4
S13002988,0.4074074074074074,5
S13002989,0,1
S13002990,0,1
S13002991,0.05555555555555555,2
S13002992,0.2,4
S13002993,0.16666666666666666,3
S13002994,0,1
S13002995,0.35294117647058826,4
S13002996,0.25,4
S13002997,0.11764705882352941,3
S13002998,0,1
S13002999,0,1
S13003000,0,1
S13003001,0,1
S13003002,0.07142857142857142,3
S13003003,0.4375,5
S13003004,0.21428571428571427,4
S13003005,0.07142857142857142,3
S13003006,0.07142857142857142,3
S13003007,0.05555555555555555,2
S13003008,0.058823529411764705,2
S13003009,0,1
S13003010,0.125,3
S13003011,0.5,5
S13003012,0.4666666666666667,5
S13003013,0.5789473684210527,5
S13003014,0.15,3
S13003015,0.06666666666666667,2
S13003016,0.26666666666666666,4
S13003017,0.6428571428571429,5
S13003018,0,1
S13003019,0.09090909090909091,3
S13003020,0.3125,4
S13003021,0,1
S13003022,0.3157894736842105,4
S13003023,0.1111111111111111,3
S13003024,0,1
S13003025,0,1
S13003026,0.07692307692307693,3
S13003027,0.07142857142857142,3
S13003028,0,1
S13003029,0.16666666666666666,3
S13003030,0,1
S13003031,0.09090909090909091,3
S13003032,0.85,5
S13003033,0.3888888888888889,5
S13003034,0.4166666666666667,5
S13003035,0.6666666666666666,5
S13003036,0.3125,4
S13003037,0.29411764705882354,4
S13003038,0.3333333333333333,4
S13003039,0.045454545454545456,2
S13003040,0.4117647058823529,5
S13003041,0.5625,5
S13003042,0.3125,4
S13003043,0.08,3
S13003044,0.18181818181818182,4
S13003045,0.2727272727272727,4
S13003047,0.23529411764705882,4
S13003048,0.47619047619047616,5
S13003049,0.44,5
S13003050,0.5217391304347826,5
S13003051,0.7,5
S13003052,0.5,5
S13003053,0.39285714285714285,5
S13003054,0.3,4
S13003055,0.2631578947368421,4
S13003056,0.5,5
S13003057,0.3684210526315789,5
S13003058,0.5,5
S13003059,0.36363636363636365,5
S13003060,0.5,5
S13003061,0.37037037037037035,5
S13003062,0.38461538461538464,5
S13003063,0,1
S13003064,0,1
S13003065,0.07142857142857142,3
S13003066,0,1
S13003067,0,1
S13003068,0,1
S13003069,0,1
S13003071,0,1
S13003072,0.15,3
S13003073,0.3333333333333333,4
S13003074,0.125,3
S13003075,0.1,3
S13003076,0.4375,5
S13003077,0.07142857142857142,3
S13003078,0.45454545454545453,5
S13003079,0.25,4
S13003080,0.13333333333333333,3
S13003081,0.43478260869565216,5
S13003082,0.3157894736842105,4
S13003083,0.1,3
S13003084,0.13636363636363635,3
S13003085,0,1
S13003086,0,1
S13003087,0.14285714285714285,3
S13003088,0.09523809523809523,3
S13003089,0.5454545454545454,5
S13003090,0.16666666666666666,3
S13003091,0.13043478260869565,3
S13003092,0.0625,2
S13003093,0.125,3
S13003094,0.3125,4
S13003095,0.2222222222222222,4
S13003096,0.14285714285714285,3
S13003097,0.17647058823529413,4
S13003098,0.3157894736842105,4
S13003099,0.08695652173913043,3
S13003100,0.13636363636363635,3
S13003101,0.047619047619047616,2
S13003102,0.08695652173913043,3
S13003103,0,1
S13003104,0.15789473684210525,3
S13003105,0.5,5
S13003106,0.3,4
S13003107,0.15,3
S13003108,0.4,5
S13003109,0.4,5
S13003110,0,1
S13003111,0.15789473684210525,3
S13003112,0.36,5
S13003113,0.4,5
S13003114,0.4583333333333333,5
S13003115,0,1
S13003116,0,1
S13003117,0,1
S13003118,0.3,4
S13003119,0.11764705882352941,3
S13003120,0.06666666666666667,2
S13003121,0.25,4
S13003122,0.375,5
S13003123,0.5384615384615384,5
S13003124,0.30434782608695654,4
S13003125,0.4375,5
S13003126,0.6842105263157895,5
S13003127,0.5714285714285714,5
S13003128,0.27586206896551724,4
S13003129,0.2727272727272727,4
S13003130,0.44,5
S13003131,0.2857142857142857,4
S13003132,0,1
S13003133,0.7777777777777778,5
S13003134,0.07692307692307693,3
