LAD19CD,HLE_65,HLE_65_q
E06000047,8.311203,1
E06000005,9.350664,1
E06000001,8.951373499999999,1
E06000002,8.7286355,1
E06000057,10.32894,2
E06000003,9.9665915,2
E06000004,9.152752,1
E08000037,8.103282,1
E08000021,8.912798500000001,1
E08000022,9.543054,1
E08000023,8.309034500000001,1
E08000024,8.7845595,1
E06000008,7.8992505,1
E06000009,9.0526255,1
E06000049,12.562735,5
E06000050,11.078505,3
E06000006,7.777293,1
E06000007,10.87021,3
E07000026,11.722114004934252,4
E07000027,11.722114004934252,4
E07000028,11.722114004934252,4
E07000029,11.722114004934252,4
E07000030,11.722114004934252,4
E07000031,11.722114004934252,4
E08000001,10.70334,2
E08000002,10.328415,2
E08000003,7.4767244999999996,1
E08000004,10.012091,2
E08000005,9.055183,1
E08000006,8.635103999999998,1
E08000007,11.13874,3
E08000008,9.222719999999999,1
E08000009,11.62231,4
E08000010,9.436575,1
E07000117,10.82233478947525,2
E07000118,10.82233478947525,2
E07000119,10.82233478947525,2
E07000120,10.82233478947525,2
E07000121,10.82233478947525,2
E07000122,10.82233478947525,2
E07000123,10.82233478947525,2
E07000124,10.82233478947525,2
E07000125,10.82233478947525,2
E07000126,10.82233478947525,2
E07000127,10.82233478947525,2
E07000128,10.82233478947525,2
E08000011,8.3389255,1
E08000012,8.584717999999999,1
E08000013,8.626364500000001,1
E08000014,11.271925,3
E08000015,10.87303,3
E06000011,10.651050000000001,2
E06000010,8.3950375,1
E06000012,10.37883,2
E06000013,9.692982,1
E06000014,11.353349999999999,3
E07000163,12.7610052045613,5
E07000164,12.7610052045613,5
E07000165,12.7610052045613,5
E07000166,12.7610052045613,5
E07000167,12.7610052045613,5
E07000168,12.7610052045613,5
E07000169,12.7610052045613,5
E08000016,10.0548395,2
E08000017,9.237912999999999,1
E08000018,9.2139175,1
E08000019,10.478615000000001,2
E08000032,9.4289045,1
E08000033,11.921019999999999,4
E08000034,8.805042,1
E08000035,10.183216000000002,2
E08000036,9.1106525,1
E06000015,10.619605,2
E06000016,7.8321165,1
E06000018,6.8161565,1
E06000017,13.44361,5
E07000032,10.140895415325314,2
E07000033,10.140895415325314,2
E07000034,10.140895415325314,2
E07000035,10.140895415325314,2
E07000036,10.140895415325314,2
E07000037,10.140895415325314,2
E07000038,10.140895415325314,2
E07000039,10.140895415325314,2
E07000129,10.37573019502255,2
E07000130,10.37573019502255,2
E07000131,10.37573019502255,2
E07000132,10.37573019502255,2
E07000133,10.37573019502255,2
E07000134,10.37573019502255,2
E07000135,10.37573019502255,2
E07000136,11.16770780250615,3
E07000137,11.16770780250615,3
E07000138,11.16770780250615,3
E07000139,11.16770780250615,3
E07000140,11.16770780250615,3
E07000141,11.16770780250615,3
E07000142,11.16770780250615,3
E07000150,12.0462046062814,4
E07000151,12.0462046062814,4
E07000152,12.0462046062814,4
E07000153,12.0462046062814,4
E07000154,12.0462046062814,4
E07000155,12.0462046062814,4
E07000156,12.0462046062814,4
E07000170,9.746704583391836,1
E07000171,9.746704583391836,1
E07000172,9.746704583391836,1
E07000173,9.746704583391836,1
E07000174,9.746704583391836,1
E07000175,9.746704583391836,1
E07000176,9.746704583391836,1
E06000019,12.479489999999998,5
E06000051,11.68002,4
E06000021,8.7967315,1
E06000020,10.242345,2
E07000192,10.469968991565949,2
E07000193,10.469968991565949,2
E07000194,10.469968991565949,2
E07000195,10.469968991565949,2
E07000196,10.469968991565949,2
E07000197,10.469968991565949,2
E07000198,10.469968991565949,2
E07000199,10.469968991565949,2
E07000218,11.4440959071194,4
E07000219,11.4440959071194,4
E07000220,11.4440959071194,4
E07000221,11.4440959071194,4
E07000222,11.4440959071194,4
E08000025,8.1308585,1
E08000026,9.897856,2
E08000027,8.40874,1
E08000028,7.078821,1
E08000029,11.313880000000001,3
E08000030,7.618629500000001,1
E08000031,7.6020085,1
E07000234,11.44062247022925,3
E07000235,11.44062247022925,3
E07000236,11.44062247022925,3
E07000237,11.44062247022925,3
E07000238,11.44062247022925,3
E07000239,11.44062247022925,3
E06000055,9.9051485,2
E06000056,11.991545,4
E06000032,9.756757499999999,2
E06000031,10.298855,2
E06000033,10.283899,2
E06000034,11.62215,4
E07000008,11.8658222174424,4
E07000009,11.8658222174424,4
E07000010,11.8658222174424,4
E07000011,11.8658222174424,4
E07000012,11.8658222174424,4
E07000066,11.05361047807685,3
E07000067,11.05361047807685,3
E07000068,11.05361047807685,3
E07000069,11.05361047807685,3
E07000070,11.05361047807685,3
E07000071,11.05361047807685,3
E07000072,11.05361047807685,3
E07000073,11.05361047807685,3
E07000074,11.05361047807685,3
E07000075,11.05361047807685,3
E07000076,11.05361047807685,3
E07000077,11.05361047807685,3
E07000095,11.237924207373549,3
E07000096,11.237924207373549,3
E07000242,11.237924207373549,3
E07000098,11.237924207373549,3
E07000099,11.237924207373549,3
E07000240,11.237924207373549,3
E07000243,11.237924207373549,3
E07000102,11.237924207373549,3
E07000103,11.237924207373549,3
E07000241,11.237924207373549,3
E07000143,10.52201756156995,2
E07000144,10.52201756156995,2
E07000145,10.52201756156995,2
E07000146,10.52201756156995,2
E07000147,10.52201756156995,2
E07000148,10.52201756156995,2
E07000149,10.52201756156995,2
E07000200,11.1378546294396,3
NA,11.1378546294396,3
E07000202,11.1378546294396,3
E07000203,11.1378546294396,3
NA,11.1378546294396,3
E09000002,9.308577,1
E09000003,11.02286,3
E09000004,9.331506999999998,1
E09000005,10.7144285,2
E09000006,11.77937,4
E09000007,11.506689999999999,4
E09000001,11.506689999999999,4
E09000008,10.3780735,2
E09000009,10.179976,2
E09000010,10.923995000000001,3
E09000011,8.626332000000001,1
E09000012,7.597702,1
E09000013,9.168746500000001,1
E09000014,12.000119999999999,4
E09000015,10.987545,3
E09000016,10.8497925,3
E09000017,9.6337315,1
E09000018,9.6519875,1
E09000019,10.101984999999999,2
E09000020,11.913,4
E09000021,14.12266,5
E09000022,8.919022,1
E09000023,10.918887999999999,3
E09000024,10.26803,2
E09000025,7.839078499999999,1
E09000026,10.65342,2
E09000027,13.44306,5
E09000028,10.914060500000001,3
E09000029,10.92954,3
E09000030,7.962042,1
E09000031,10.323405000000001,2
E09000032,12.039425,4
E09000033,10.4413925,2
E06000036,12.598875,5
E06000043,11.86486,4
E06000046,10.496152,2
E06000035,9.8930665,2
E06000042,10.077297999999999,2
E06000044,10.3156875,2
E06000038,10.798195,2
E06000039,8.4280615,1
E06000045,9.188687999999999,1
E06000037,12.816195,5
E06000040,13.86505,5
E06000041,13.618465,5
E07000004,13.0794697631908,5
E07000005,13.0794697631908,5
E07000006,13.0794697631908,5
E07000007,13.0794697631908,5
E07000061,11.82908364028715,4
E07000062,11.82908364028715,4
E07000063,11.82908364028715,4
E07000064,11.82908364028715,4
E07000065,11.82908364028715,4
E07000084,12.8342414260794,5
E07000085,12.8342414260794,5
E07000086,12.8342414260794,5
E07000087,12.8342414260794,5
E07000088,12.8342414260794,5
E07000089,12.8342414260794,5
E07000090,12.8342414260794,5
E07000091,12.8342414260794,5
E07000092,12.8342414260794,5
E07000093,12.8342414260794,5
E07000094,12.8342414260794,5
E07000105,11.779019583385349,4
E07000106,11.779019583385349,4
E07000107,11.779019583385349,4
E07000108,11.779019583385349,4
E07000109,11.779019583385349,4
E07000110,11.779019583385349,4
E07000111,11.779019583385349,4
E07000112,11.779019583385349,4
E07000113,11.779019583385349,4
E07000114,11.779019583385349,4
E07000115,11.779019583385349,4
E07000116,11.779019583385349,4
E07000177,13.2217948339977,5
E07000178,13.2217948339977,5
E07000179,13.2217948339977,5
E07000180,13.2217948339977,5
E07000181,13.2217948339977,5
E07000207,13.37800763210065,5
E07000208,13.37800763210065,5
E07000209,13.37800763210065,5
E07000210,13.37800763210065,5
E07000211,13.37800763210065,5
E07000212,13.37800763210065,5
E07000213,13.37800763210065,5
E07000214,13.37800763210065,5
E07000215,13.37800763210065,5
E07000216,13.37800763210065,5
E07000217,13.37800763210065,5
E07000223,11.4902484564291,4
E07000224,11.4902484564291,4
E07000225,11.4902484564291,4
E07000226,11.4902484564291,4
E07000227,11.4902484564291,4
E07000228,11.4902484564291,4
E07000229,11.4902484564291,4
E06000022,11.48424,4
NA,12.11726,5
E06000023,9.891082,2
E06000052,11.602125,4
NA,12.076329999999999,5
E06000053,12.076329999999999,5
E06000024,11.439335,3
E06000026,11.122489999999999,3
E06000025,12.142485,5
E06000030,9.726175,1
E06000027,11.305489999999999,3
E06000054,12.881125,5
E07000040,12.8140127409844,5
E07000041,12.8140127409844,5
E07000042,12.8140127409844,5
E07000043,12.8140127409844,5
E07000044,12.8140127409844,5
E07000045,12.8140127409844,5
E07000046,12.8140127409844,5
E07000047,12.8140127409844,5
E07000078,12.93431826494665,5
E07000079,12.93431826494665,5
E07000080,12.93431826494665,5
E07000081,12.93431826494665,5
E07000082,12.93431826494665,5
E07000083,12.93431826494665,5
E07000187,11.493291726396851,4
E07000188,11.493291726396851,4
NA,11.493291726396851,4
E07000189,11.493291726396851,4
W06000019,7.5759019237688054,1
W06000013,9.318039978046315,1
W06000018,7.872283522126871,1
W06000015,10.09437564988608,2
W06000010,8.339727819249505,1
W06000008,11.11582855755635,3
W06000003,11.471747642336052,4
W06000004,12.525628029326551,5
W06000005,11.09991536326175,3
W06000002,11.9958818214626,4
W06000001,11.5366632344992,4
W06000024,6.7212547858934055,1
W06000021,12.48613495487395,5
W06000012,8.85094117630233,1
W06000022,9.613350576095344,1
W06000009,11.00653160179115,3
W06000023,12.43493124499415,5
W06000016,9.243538901101651,1
W06000011,10.35524636155278,2
W06000020,8.42556138404803,1
W06000014,10.1691136063698,2
W06000006,10.38243869688947,2
S12000033,10.408106509812281,2
S12000034,12.258023188422651,5
S12000041,12.00034475674005,4
S12000035,10.957124101634001,3
S12000036,11.765007208134,4
S12000005,11.7142121975265,4
S12000006,11.4133725990917,3
S12000042,9.173458133839455,1
S12000008,7.993131329676785,1
S12000045,13.2808552364547,5
S12000010,11.1016016846141,3
S12000011,12.392843954475751,5
S12000014,9.483829730851106,1
NA,10.590183581503599,2
S12000049,7.44631806164492,1
S12000017,12.03859615240125,4
S12000018,10.05396685781009,2
S12000019,10.623732452350206,2
S12000020,10.20299980705159,2
S12000013,11.840350211592,4
S12000021,10.06301212464442,2
S12000050,8.020694109376475,1
S12000023,13.1559507226028,5
NA,13.7620049640981,5
S12000038,8.90540397613581,1
S12000026,11.6526987536223,4
S12000027,12.275977847003801,5
S12000028,10.759065333589344,2
S12000029,8.9382390684537,1
S12000030,11.358795712431451,3
S12000039,7.863114455100625,1
S12000040,11.23507433176235,3
N09000001,11.3378107248042,3
N09000011,12.036421811857501,4
N09000002,9.593390662817171,1
N09000003,8.253628389467526,1
N09000004,10.7517000073839,2
N09000005,8.5428787342029,1
N09000006,10.199038593777864,2
N09000007,11.80035679761383,4
N09000008,9.637612299259315,1
N09000009,7.288652065065804,1
N09000010,12.52104069658765,5
