LAD19CD,Prop_loneliest,Loneliness_q
E06000001,0,1
E06000002,0.42105263157894735,4
E06000003,0.21052631578947367,3
E06000004,0.25,3
E06000005,0.6666666666666666,5
E06000006,0,1
E06000007,0.12,3
E06000008,0,1
E06000009,0.05263157894736842,2
E06000010,0,1
E06000011,0,1
E06000012,0.08695652173913043,3
E06000013,0,1
E06000014,0.08333333333333333,3
E06000015,0,1
E06000016,0.08108108108108109,2
E06000017,0,1
E06000018,0.05263157894736842,2
E06000019,0,1
E06000020,0.08695652173913043,3
E06000021,0.029411764705882353,2
E06000022,0.5185185185185185,4
E06000023,0.7818181818181819,5
E06000024,0.6538461538461539,5
E06000025,0.09375,3
E06000026,0.1875,3
E06000027,0,1
E06000030,0.25925925925925924,3
E06000031,0.3181818181818182,4
E06000032,0.14285714285714285,3
E06000033,0.8235294117647058,5
E06000034,0,1
E06000035,0.5,4
E06000036,0.06666666666666667,2
E06000037,0.045454545454545456,2
E06000038,0,1
E06000039,0,1
E06000040,0.3888888888888889,4
E06000041,0.05,2
E06000042,0.03125,2
E06000043,0.7272727272727273,5
E06000044,0.28,4
E06000045,0.375,4
E06000046,0.6111111111111112,4
E06000047,0.16666666666666666,3
E06000049,0.21568627450980393,3
E06000050,0.2765957446808511,4
E06000051,0,1
E06000052,0.1095890410958904,3
E06000053,0,1
E06000054,0.8064516129032258,5
E06000055,0.05,2
E06000056,0.2727272727272727,3
E06000057,0,1
E06000058,0,1
E06000059,0.02127659574468085,2
E07000004,0.4583333333333333,4
E07000005,0.6666666666666666,5
E07000006,0.125,3
E07000007,0,1
E07000008,1,5
E07000009,0.1,3
E07000010,0,1
E07000011,0.3181818181818182,4
E07000012,0.4,4
E07000026,0.08333333333333333,3
E07000027,0.1,3
E07000028,0,1
E07000029,0,1
E07000030,0.2857142857142857,4
E07000031,0.14285714285714285,3
E07000032,0,1
E07000033,0.1,3
E07000034,0,1
E07000035,0,1
E07000036,0.13333333333333333,3
E07000037,0,1
E07000038,0,1
E07000039,0,1
E07000040,0.2,3
E07000041,0.6666666666666666,5
E07000042,0,1
E07000043,0,1
E07000044,0.08333333333333333,3
E07000045,0.05263157894736842,2
E07000046,0,1
E07000047,0,1
E07000061,0.6153846153846154,4
E07000062,1,5
E07000063,0.7692307692307693,5
E07000064,0.9090909090909091,5
E07000065,0.8095238095238095,5
E07000066,0.045454545454545456,2
E07000067,0.1111111111111111,3
E07000068,0.2222222222222222,3
E07000069,0.75,5
E07000070,0.7142857142857143,5
E07000071,0.5,4
E07000072,0.8235294117647058,5
E07000073,0,1
E07000074,0.75,5
E07000075,0.9,5
E07000076,0.1111111111111111,3
E07000077,0.3333333333333333,4
E07000078,0.9333333333333333,5
E07000079,0.9090909090909091,5
E07000080,0.7,5
E07000081,0.9333333333333333,5
E07000082,1,5
E07000083,1,5
E07000084,1,5
E07000085,0.4,4
E07000086,0.2,3
E07000087,0.42857142857142855,4
E07000088,0.5,4
E07000089,0.7272727272727273,5
E07000090,0.17647058823529413,3
E07000091,0,1
E07000092,0.8333333333333334,5
E07000093,0.5333333333333333,4
E07000094,0.7857142857142857,5
E07000095,0.6923076923076923,5
E07000096,0.13636363636363635,3
E07000098,0.3076923076923077,4
E07000099,0.7333333333333333,5
E07000102,0.08333333333333333,3
E07000103,0.4166666666666667,4
E07000105,0,1
E07000106,0.9473684210526315,5
E07000107,0.7692307692307693,5
E07000108,0,1
E07000109,0.07692307692307693,2
E07000110,0.7368421052631579,5
E07000111,0.9333333333333333,5
E07000112,0.5714285714285714,4
E07000113,0.8235294117647058,5
E07000114,0.11764705882352941,3
E07000115,1,5
E07000116,0.8571428571428571,5
E07000117,0,1
E07000118,0.14285714285714285,3
E07000119,0,1
E07000120,0,1
E07000121,0,1
E07000122,0.3076923076923077,4
E07000123,0,1
E07000124,0.5,4
E07000125,0,1
E07000126,0.11764705882352941,3
E07000127,0,1
E07000128,0.21428571428571427,3
E07000129,0,1
E07000130,0.13636363636363635,3
E07000131,0.5,4
E07000132,0.14285714285714285,3
E07000133,0.16666666666666666,3
E07000134,0,1
E07000135,0,1
E07000136,0.875,5
E07000137,0.3333333333333333,4
E07000138,1,5
E07000139,0.8461538461538461,5
E07000140,1,5
E07000141,0.25,3
E07000142,0.9090909090909091,5
E07000143,0.23529411764705882,3
E07000144,0.9444444444444444,5
E07000145,0,1
E07000146,0.631578947368421,4
E07000147,0.7142857142857143,5
E07000148,1,5
E07000149,0.8,5
E07000150,0,1
E07000151,0.5,4
E07000152,0,1
E07000153,0,1
E07000154,0.6774193548387096,5
E07000155,0.09090909090909091,3
E07000156,0,1
E07000163,0,1
E07000164,0,1
E07000165,0,1
E07000166,0.5,4
E07000167,0,1
E07000168,0.14285714285714285,3
E07000169,0,1
E07000170,0,1
E07000171,0.07142857142857142,2
E07000172,0,1
E07000173,0,1
E07000174,0,1
E07000175,0.15384615384615385,3
E07000176,0.06666666666666667,2
E07000177,0.631578947368421,4
E07000178,0.4444444444444444,4
E07000179,0.5,4
E07000180,0.21428571428571427,3
E07000181,0.3333333333333333,4
E07000187,0,1
E07000188,0,1
E07000189,0.08333333333333333,3
E07000192,0.15384615384615385,3
E07000193,0,1
E07000194,0,1
E07000195,0.0625,2
E07000196,0,1
E07000197,0,1
E07000198,0.07692307692307693,2
E07000199,0,1
E07000200,0.36363636363636365,4
E07000202,0.5,4
E07000203,0,1
E07000207,1,5
E07000208,0.5555555555555556,4
E07000209,1,5
E07000210,1,5
E07000211,0.6666666666666666,5
E07000212,0.7,5
E07000213,0.46153846153846156,4
E07000214,1,5
E07000215,0.36363636363636365,4
E07000216,1,5
E07000217,0.5,4
E07000218,0.2857142857142857,4
E07000219,0.5882352941176471,4
E07000220,0.3333333333333333,4
E07000221,0.6666666666666666,5
E07000222,0.4,4
E07000223,0.5,4
E07000224,0.42105263157894735,4
E07000225,0.8571428571428571,5
E07000226,0,1
E07000227,0.875,5
E07000228,0.5294117647058824,4
E07000229,0.5384615384615384,4
E07000234,0,1
E07000235,0.6363636363636364,5
E07000236,0,1
E07000237,0.7142857142857143,5
E07000238,0.47368421052631576,4
E07000239,0,1
E07000240,0,1
E07000241,0.125,3
E07000242,0.2777777777777778,4
E07000243,0,1
E07000244,0,1
E07000245,0.047619047619047616,2
E07000246,0,1
E08000001,0,1
E08000002,0.11538461538461539,3
E08000003,0.03508771929824561,2
E08000004,0,1
E08000005,0,1
E08000006,0,1
E08000007,0.23809523809523808,3
E08000008,0,1
E08000009,0,1
E08000010,0,1
E08000011,0,1
E08000012,0.01639344262295082,2
E08000013,0.17391304347826086,3
E08000014,0.10526315789473684,3
E08000015,0,1
E08000016,0.26666666666666666,3
E08000017,0,1
E08000018,0.030303030303030304,2
E08000019,0.3,4
E08000021,0.27586206896551724,3
E08000022,0.23333333333333334,3
E08000023,0.13043478260869565,3
E08000024,0.5555555555555556,4
E08000025,0.022727272727272728,2
E08000026,0,1
E08000027,0,1
E08000028,0,1
E08000029,0,1
E08000030,0,1
E08000031,0,1
E08000032,0,1
E08000033,0.07407407407407407,2
E08000034,0.13559322033898305,3
E08000035,0.018691588785046728,2
E08000036,0,1
E08000037,0.18518518518518517,3
E09000001,0,1
E09000002,0.2727272727272727,3
E09000003,0.6097560975609756,4
E09000004,0.10714285714285714,3
E09000005,0,1
E09000006,0.28205128205128205,4
E09000007,0.42857142857142855,4
E09000008,0.09090909090909091,3
E09000009,0.358974358974359,4
E09000010,0.05555555555555555,2
E09000011,0.12121212121212122,3
E09000012,0,1
E09000013,0.32,4
E09000014,0.3055555555555556,4
E09000015,0,1
E09000016,0.7,5
E09000017,0,1
E09000018,0.10714285714285714,3
E09000019,0.17391304347826086,3
E09000020,0.6190476190476191,4
E09000021,0.9,5
E09000022,0.2857142857142857,4
E09000023,0,1
E09000024,0.52,4
E09000025,0,1
E09000026,0.25806451612903225,3
E09000027,0.8695652173913043,5
E09000028,0.3939393939393939,4
E09000029,0.7083333333333334,5
E09000030,0,1
E09000031,0.03571428571428571,2
E09000032,0.5945945945945946,4
E09000033,0.20833333333333334,3
W06000001,0,1
W06000002,0.17647058823529413,3
W06000003,0.2,3
W06000004,0.3333333333333333,3
W06000005,0.55,5
W06000006,0.8888888888888888,5
W06000008,0.1111111111111111,2
W06000009,0.4375,4
W06000010,0,1
W06000011,0.06451612903225806,2
W06000012,0,1
W06000013,0,1
W06000014,0.4666666666666667,4
W06000015,0.2916666666666667,3
W06000016,0.0967741935483871,2
W06000018,0.16666666666666666,3
W06000019,0,1
W06000020,0.46153846153846156,4
W06000021,1,5
W06000022,0.45,4
W06000023,0.10526315789473684,2
W06000024,0.5714285714285714,5
S12000005,0.08333333333333333,2
S12000006,0,1
S12000008,0.26666666666666666,4
S12000010,0.22727272727272727,4
S12000011,0.05,2
S12000013,0,1
S12000014,0.16666666666666666,3
S12000017,0.14285714285714285,3
S12000018,0.35294117647058826,5
S12000019,0.18181818181818182,3
S12000020,0.16666666666666666,3
S12000021,0.05263157894736842,2
S12000023,0,1
S12000026,0.8,5
S12000027,0.14285714285714285,3
S12000028,0,1
S12000029,0.3048780487804878,4
S12000030,0.75,5
S12000033,0.9795918367346939,5
S12000034,0.423728813559322,5
S12000035,0.2608695652173913,4
S12000036,0.32432432432432434,4
S12000038,0,1
S12000039,0.1111111111111111,3
S12000040,0.02702702702702703,2
S12000041,0.19230769230769232,3
S12000042,0.3548387096774194,5
S12000045,0,1
S12000047,0.08653846153846154,2
S12000048,0.34285714285714286,4
S12000049,0.022058823529411766,1
S12000050,0.05128205128205128,2
N09000001,0.5555555555555556,5
N09000002,0.011111111111111112,1
N09000003,0.17222222222222222,3
N09000004,0.5416666666666666,4
N09000005,0.08,1
N09000006,0.5918367346938775,5
N09000007,0.1323529411764706,2
N09000008,0.38461538461538464,4
N09000009,0.15254237288135594,2
N09000010,0.047619047619047616,1
N09000011,0.38372093023255816,3
