LAD19CD,No. people over 70,Over70_q
E06000001,12663,1
E06000002,16177,2
E06000003,22093,4
E06000004,25209,4
E06000005,15628,2
E06000006,15718,2
E06000007,28125,4
E06000008,14894,2
E06000009,20713,3
E06000010,27290,4
E06000011,63251,5
E06000012,23480,4
E06000013,25453,4
E06000014,28252,4
E06000015,30794,5
E06000016,29016,5
E06000017,7226,1
E06000018,26966,4
E06000019,33646,5
E06000020,21044,3
E06000021,30817,5
E06000022,26761,4
E06000023,43216,5
E06000024,37665,5
E06000025,38993,5
E06000026,35011,5
E06000027,26439,4
E06000030,25000,4
E06000031,20936,3
E06000032,19145,3
E06000033,25816,4
E06000034,16583,2
E06000035,31266,5
E06000036,12362,1
E06000037,21357,3
E06000038,14497,2
E06000039,10010,1
E06000040,20791,3
E06000041,21669,3
E06000042,24913,4
E06000043,27956,4
E06000044,22058,4
E06000045,24055,4
E06000046,28780,5
E06000047,76953,5
E06000049,63371,5
E06000050,52801,5
E06000051,56538,5
E06000052,100553,5
E06000053,430,1
E06000054,76979,5
E06000055,21860,4
E06000056,36099,5
E06000057,55132,5
E06000058,63697,5
E06000059,79806,5
E07000004,23738,4
E07000005,15517,2
E07000006,11113,1
E07000007,23781,4
E07000008,11677,1
E07000009,12907,1
E07000010,16737,2
E07000011,25234,4
E07000012,22252,4
E07000026,16975,2
E07000027,10444,1
E07000028,16733,2
E07000029,10872,1
E07000030,10062,1
E07000031,21571,3
E07000032,19923,3
E07000033,11318,1
E07000034,15758,2
E07000035,13992,2
E07000036,17195,2
E07000037,13570,1
E07000038,18020,3
E07000039,13350,1
E07000040,32668,5
E07000041,15278,2
E07000042,13635,1
E07000043,17834,2
E07000044,17313,2
E07000045,25437,4
E07000046,13103,1
E07000047,11070,1
E07000061,19495,3
E07000062,13093,1
E07000063,19510,3
E07000064,22911,4
E07000065,30786,5
E07000066,23246,4
E07000067,21922,4
E07000068,11757,1
E07000069,16831,2
E07000070,24916,4
E07000071,23931,4
E07000072,19060,3
E07000073,9654,1
E07000074,11541,1
E07000075,14814,2
E07000076,32126,5
E07000077,12601,1
E07000078,16575,2
E07000079,16637,2
E07000080,14894,2
E07000081,15561,2
E07000082,19039,3
E07000083,14853,2
E07000084,21650,3
E07000085,20689,3
E07000086,18598,3
E07000087,20291,3
E07000088,12317,1
E07000089,14072,2
E07000090,21856,4
E07000091,39010,5
E07000092,9916,1
E07000093,19805,3
E07000094,19462,3
E07000095,12937,1
E07000096,19103,3
E07000098,14005,2
E07000099,18578,3
E07000102,12496,1
E07000103,9184,1
E07000105,18121,3
E07000106,24690,4
E07000107,11378,1
E07000108,19648,3
E07000109,13507,1
E07000110,23834,4
E07000111,18880,3
E07000112,19982,3
E07000113,20306,3
E07000114,24194,4
E07000115,18069,3
E07000116,16726,2
E07000117,11620,1
E07000118,16349,2
E07000119,16234,2
E07000120,10600,1
E07000121,20848,3
E07000122,11873,1
E07000123,14733,2
E07000124,10352,1
E07000125,9038,1
E07000126,16777,2
E07000127,18222,3
E07000128,22688,4
E07000129,14800,2
E07000130,23556,4
E07000131,14589,2
E07000132,17303,2
E07000133,8142,1
E07000134,14379,2
E07000135,9167,1
E07000136,10392,1
E07000137,30174,5
E07000138,10713,1
E07000139,20009,3
E07000140,16729,2
E07000141,23273,4
E07000142,16638,2
E07000143,25408,4
E07000144,24657,4
E07000145,17558,2
E07000146,28880,5
E07000147,25449,4
E07000148,15324,2
E07000149,24469,4
E07000150,6908,1
E07000151,12106,1
E07000152,13758,2
E07000153,13219,1
E07000154,24044,4
E07000155,13524,1
E07000156,10808,1
E07000163,11093,1
E07000164,17204,2
E07000165,27550,4
E07000166,7994,1
E07000167,10546,1
E07000168,21211,3
E07000169,12604,1
E07000170,17380,2
E07000171,18301,3
E07000172,17306,2
E07000173,17616,2
E07000174,14716,2
E07000175,19126,3
E07000176,18086,3
E07000177,19394,3
E07000178,13495,1
E07000179,21847,4
E07000180,19630,3
E07000181,17369,2
E07000187,19032,3
E07000188,20828,3
E07000189,30625,5
E07000192,13581,1
E07000193,16410,2
E07000194,18340,3
E07000195,19132,3
E07000196,19960,3
E07000197,21986,4
E07000198,17640,2
E07000199,9995,1
E07000200,17449,2
E07000202,16235,2
E07000203,17927,3
E07000207,18502,3
E07000208,10684,1
E07000209,17908,2
E07000210,15289,2
E07000211,19637,3
E07000212,11083,1
E07000213,13712,2
E07000214,12973,1
E07000215,13400,1
E07000216,20763,3
E07000217,12495,1
E07000218,10131,1
E07000219,17599,2
E07000220,15089,2
E07000221,24105,4
E07000222,19605,3
E07000223,11129,1
E07000224,34547,5
E07000225,24486,4
E07000226,10622,1
E07000227,23500,4
E07000228,22519,4
E07000229,18556,3
E07000234,16346,2
E07000235,16094,2
E07000236,10369,1
E07000237,12417,1
E07000238,22822,4
E07000239,18036,3
E07000240,18463,3
E07000241,14048,2
E07000242,19303,3
E07000243,9769,1
E07000244,49744,5
E07000245,27698,4
E07000246,28644,4
E08000001,35038,5
E08000002,24843,4
E08000003,35132,5
E08000004,27044,4
E08000005,25152,4
E08000006,26077,4
E08000007,42529,5
E08000008,28165,4
E08000009,29843,5
E08000010,43836,5
E08000011,17803,2
E08000012,51019,5
E08000013,26464,4
E08000014,47379,5
E08000015,50330,5
E08000016,33673,5
E08000017,41847,5
E08000018,37348,5
E08000019,68971,5
E08000021,30959,5
E08000022,29308,5
E08000023,21301,3
E08000024,37956,5
E08000025,106804,5
E08000026,36499,5
E08000027,47865,5
E08000028,35742,5
E08000029,33561,5
E08000030,36616,5
E08000031,31696,5
E08000032,55791,5
E08000033,27432,4
E08000034,54586,5
E08000035,88219,5
E08000036,46490,5
E08000037,28623,4
E09000001,1076,1
E09000002,13927,2
E09000003,40500,5
E09000004,30239,5
E09000005,27757,4
E09000006,42710,5
E09000007,22127,4
E09000008,37003,5
E09000009,30307,5
E09000010,31689,5
E09000011,20937,3
E09000012,14214,2
E09000013,13921,2
E09000014,18573,3
E09000015,28012,4
E09000016,34468,5
E09000017,29477,5
E09000018,22372,4
E09000019,14613,2
E09000020,17345,2
E09000021,17254,2
E09000022,18539,3
E09000023,19987,3
E09000024,18255,3
E09000025,17458,2
E09000026,26848,4
E09000027,21877,4
E09000028,18073,3
E09000029,22688,4
E09000030,13192,1
E09000031,20611,3
E09000032,21662,3
E09000033,21916,4
N09000001,16801,2
N09000002,23288,4
N09000003,36439,5
N09000004,18500,3
N09000005,15329,2
N09000006,13519,1
N09000007,18122,3
N09000008,18691,3
N09000009,14806,2
N09000010,19465,3
N09000011,23991,4
S12000005,7044,1
S12000006,27049,4
S12000008,17160,2
S12000010,15201,2
S12000011,13742,2
S12000013,4877,1
S12000014,20981,3
S12000017,36472,5
S12000018,11622,1
S12000019,11856,1
S12000020,14598,2
S12000021,21263,3
S12000023,3710,1
S12000026,20025,3
S12000027,3168,1
S12000028,20260,3
S12000029,43033,5
S12000030,12951,1
S12000033,25049,4
S12000034,34486,5
S12000035,15609,2
S12000036,55562,5
S12000038,23625,4
S12000039,11440,1
S12000040,20664,3
S12000041,19540,3
S12000042,18886,3
S12000045,17487,2
S12000047,53627,5
S12000048,25285,4
S12000049,59399,5
S12000050,40030,5
W06000001,12992,1
W06000002,20581,3
W06000003,23882,4
W06000004,16472,2
W06000005,23192,4
W06000006,19221,3
W06000008,13053,1
W06000009,23202,4
W06000010,31641,5
W06000011,34942,5
W06000012,20845,3
W06000013,20954,3
W06000014,19958,3
W06000015,36401,5
W06000016,32695,5
W06000018,24604,4
W06000019,9915,1
W06000020,13537,1
W06000021,16952,2
W06000022,19161,3
W06000023,25759,4
W06000024,7851,1
