LAD19CD,Vulnerability score,Social Vulnerability score,Vulnerability rank,Vulnerability decile,Vulnerability quintile
E06000001,115.88042729653165,310.98757929049566,310,10,5
E06000002,80.98096760366654,253.11294898693131,289,9,5
E06000003,123.60374010678046,258.20700225045294,312,10,5
E06000004,70.78942160731964,171.73153503358563,274,9,5
E06000005,79.52229843970592,101.5983914010992,287,9,5
E06000006,57.724556955917606,99.69287996284339,242,8,4
E06000007,64.70975943249056,182.11899676918966,260,8,5
E06000008,31.330528979601816,102.44745988902973,126,3,2
E06000009,138.8515943970416,207.32611565803805,316,10,5
E06000010,66.43407826677685,182.85118480567866,264,9,5
E06000011,76.40677641484692,172.138290616722,283,9,5
E06000012,64.04116203791712,137.15115974961196,258,8,4
E06000013,103.73316396345402,270.7842361695702,305,10,5
E06000014,35.38691284558213,123.73953373014861,146,4,3
E06000015,38.45287957947919,136.22905444458095,162,5,3
E06000016,67.16157330648305,213.39112867822917,266,9,5
E06000017,113.67126882374039,322.35163929638765,309,10,5
E06000018,41.6462006277353,140.76094107806165,175,5,3
E06000019,77.71418792979264,204.10177301680716,285,9,5
E06000020,33.62920216784511,115.75216390310652,139,4,3
E06000021,77.3953176255313,137.15521107175755,284,9,5
E06000022,58.98484097010497,149.13760593856819,247,8,4
E06000023,48.07653103197144,139.26451589746182,206,6,4
E06000024,111.14475404689304,244.1395608512529,308,10,5
E06000025,38.09926153264543,88.5917009077868,158,5,3
E06000026,40.971081271682095,139.75860703188212,172,5,3
E06000027,123.09307085781616,138.2840901329971,311,10,5
E06000030,46.70789873669585,124.65749031454442,203,6,4
E06000031,46.174932137828065,159.72380851994947,200,6,4
E06000032,43.05896578971621,145.95861834223535,183,6,3
E06000033,39.8370503600476,100.38873708851686,167,5,3
E06000034,29.44148778981302,92.85392716303308,117,3,2
E06000035,35.83923405626339,75.16488494006556,149,4,3
E06000036,73.04860597448919,233.68755348663947,279,9,5
E06000037,48.36118606491006,169.57475746206583,208,6,4
E06000038,43.79928180069379,148.48352643666973,188,6,3
E06000039,29.848070735659167,96.9496419022616,121,3,2
E06000040,29.041967551448984,89.791068489043,113,3,2
E06000041,33.872228085736886,116.14222867064908,142,4,3
E06000042,32.45116067804602,109.68815278169065,132,4,2
E06000043,74.43115124776125,238.04223375678703,281,9,5
E06000044,47.4615972594014,163.50591152882308,205,6,4
E06000045,27.69589085131998,64.35445726094878,104,2,2
E06000046,92.82733943388368,195.48119824479778,296,10,5
E06000047,129.37363173173077,241.72477036657898,314,10,5
E06000049,42.63992095030706,105.34704108271025,180,5,3
E06000050,85.82797165023395,238.08837133869372,293,10,5
E06000051,57.065037547269895,99.5310540902805,240,8,4
E06000052,65.68579958965063,106.97432424833949,262,8,5
E06000053,105.72096583116212,383.10411242777224,306,10,5
E06000054,44.70466207586134,84.33990693893386,192,6,3
E06000055,52.91136529804287,175.6040153046527,225,7,4
E06000056,41.991340020922294,142.18724128307466,177,5,3
E06000057,140.04937515223133,228.1488876262261,317,10,5
E06000058,33.642390280912224,0,140,4,3
E06000059,70.75414177258196,0,273,9,5
E07000004,13.971513104984659,0,39.5,1,1
E07000005,13.971513104984659,0,39.5,1,1
E07000006,13.971513104984659,0,39.5,1,1
E07000007,13.971513104984659,0,39.5,1,1
E07000008,13.971513104984659,0,39.5,1,1
E07000009,13.971513104984659,0,39.5,1,1
E07000010,38.17893140781658,0,160,5,3
E07000011,13.971513104984659,0,39.5,1,1
E07000012,13.971513104984659,0,39.5,1,1
E07000026,63.77076512281754,0,256.5,8,4
E07000027,26.286909081127614,0,94.5,2,2
E07000028,74.27405658258095,0,280,9,5
E07000029,97.38705014019993,0,301,10,5
E07000030,75.57818741714954,0,282,9,5
E07000031,40.68622166041972,0,171,5,3
E07000032,35.68030239277519,0,148,4,3
E07000033,45.955726737112855,0,197,6,3
E07000034,81.69012185742518,0,291,10,5
E07000035,59.39619407198704,0,249.5,8,4
E07000036,36.524292281135175,0,151.5,4,3
E07000037,38.17893140781658,0,160,5,3
E07000038,65.00802190394714,0,261,8,5
E07000039,13.971513104984659,0,39.5,1,1
E07000040,78.43172885145356,0,286,9,5
E07000041,13.971513104984659,0,39.5,1,1
E07000042,13.971513104984659,0,39.5,1,1
E07000043,37.40043620214018,0,155,4,3
E07000044,51.82697878834833,0,222,7,4
E07000045,48.2911381493585,0,207,6,4
E07000046,67.70210150636294,0,268.5,9,5
E07000047,97.38705014019993,0,301,10,5
E07000061,53.05351769252367,0,226.5,7,4
E07000062,25.286021479808536,0,89.5,2,2
E07000063,42.36488572155281,0,178.5,5,3
E07000064,72.44682891600667,0,277.5,9,5
E07000065,38.98470274893166,0,164,5,3
E07000066,22.92521103080824,0,79,2,2
E07000067,13.971513104984659,0,39.5,1,1
E07000068,13.971513104984659,0,39.5,1,1
E07000069,36.524292281135175,0,151.5,4,3
E07000070,13.971513104984659,0,39.5,1,1
E07000071,23.061595827286514,0,80,2,2
E07000072,27.00626221991124,0,98.5,2,2
E07000073,13.971513104984659,0,39.5,1,1
E07000074,27.498642315924833,0,101.5,2,2
E07000075,26.286909081127614,0,94.5,2,2
E07000076,61.11902046917831,0,253,8,4
E07000077,13.971513104984659,0,39.5,1,1
E07000078,13.971513104984659,0,39.5,1,1
E07000079,33.86011042226216,0,141,4,3
E07000080,59.39619407198704,0,249.5,8,4
E07000081,24.182805307756027,0,85,2,2
E07000082,27.917167473285083,0,106,3,2
E07000083,26.76396937168796,0,97,2,2
E07000084,13.971513104984659,0,39.5,1,1
E07000085,13.971513104984659,0,39.5,1,1
E07000086,13.971513104984659,0,39.5,1,1
E07000087,34.5259166534416,0,144.5,4,3
E07000088,30.984986959749516,0,123.5,3,2
E07000089,13.971513104984659,0,39.5,1,1
E07000090,43.50066271434244,0,186,6,3
E07000091,58.42122377981275,0,245,8,4
E07000092,13.971513104984659,0,39.5,1,1
E07000093,13.971513104984659,0,39.5,1,1
E07000094,24.617762599916375,0,87,2,2
E07000095,13.971513104984659,0,39.5,1,1
E07000096,13.971513104984659,0,39.5,1,1
E07000098,13.971513104984659,0,39.5,1,1
E07000099,13.971513104984659,0,39.5,1,1
E07000102,13.971513104984659,0,39.5,1,1
E07000103,13.971513104984659,0,39.5,1,1
E07000105,32.0720431396454,0,128.5,3,2
E07000106,44.34770437523326,0,189.5,6,3
E07000107,13.971513104984659,0,39.5,1,1
E07000108,50.66255024374182,0,215.5,7,4
E07000109,13.971513104984659,0,39.5,1,1
E07000110,23.198794181362786,0,81,2,2
E07000111,13.971513104984659,0,39.5,1,1
E07000112,45.955726737112855,0,197,6,3
E07000113,33.001329050372846,0,135,4,2
E07000114,43.50066271434244,0,186,6,3
E07000115,13.971513104984659,0,39.5,1,1
E07000116,13.971513104984659,0,39.5,1,1
E07000117,39.67843746898822,0,166,5,3
E07000118,34.5259166534416,0,144.5,4,3
E07000119,67.70210150636294,0,268.5,9,5
E07000120,32.79155204097851,0,133,4,2
E07000121,45.955726737112855,0,197,6,3
E07000122,13.971513104984659,0,39.5,1,1
E07000123,27.00626221991124,0,98.5,2,2
E07000124,38.71296364291139,0,163,5,3
E07000125,13.971513104984659,0,39.5,1,1
E07000126,30.225472293980324,0,122,3,2
E07000127,27.917167473285083,0,106,3,2
E07000128,97.38705014019993,0,301,10,5
E07000129,13.971513104984659,0,39.5,1,1
E07000130,25.286021479808536,0,89.5,2,2
E07000131,13.971513104984659,0,39.5,1,1
E07000132,13.971513104984659,0,39.5,1,1
E07000133,13.971513104984659,0,39.5,1,1
E07000134,13.971513104984659,0,39.5,1,1
E07000135,29.763204612075693,0,119.5,3,2
E07000136,33.31962626238409,0,136.5,4,2
E07000137,97.38705014019993,0,301,10,5
E07000138,13.971513104984659,0,39.5,1,1
E07000139,42.36488572155281,0,178.5,5,3
E07000140,61.845986129040995,0,254,8,4
E07000141,49.55424370594827,0,213,7,4
E07000142,56.00690636196181,0,236,7,4
E07000143,43.50066271434244,0,186,6,3
E07000144,34.07991123424756,0,143,4,3
E07000145,53.05351769252367,0,226.5,7,4
E07000146,54.61729265355768,0,232,7,4
E07000147,97.38705014019993,0,301,10,5
E07000148,13.971513104984659,0,39.5,1,1
E07000149,27.917167473285083,0,106,3,2
E07000150,13.971513104984659,0,39.5,1,1
E07000151,13.971513104984659,0,39.5,1,1
E07000152,26.286909081127614,0,94.5,2,2
E07000153,13.971513104984659,0,39.5,1,1
E07000154,13.971513104984659,0,39.5,1,1
E07000155,13.971513104984659,0,39.5,1,1
E07000156,13.971513104984659,0,39.5,1,1
E07000163,63.77076512281754,0,256.5,8,4
E07000164,41.89478441844595,0,176,5,3
E07000165,25.58937393202336,0,91.5,2,2
E07000166,56.88284697578709,0,238.5,8,4
E07000167,45.955726737112855,0,197,6,3
E07000168,85.48754200086779,0,292,10,5
E07000169,26.286909081127614,0,94.5,2,2
E07000170,23.615369120540915,0,82.5,2,2
E07000171,28.429662618874747,0,109,3,2
E07000172,32.0720431396454,0,128.5,3,2
E07000173,13.971513104984659,0,39.5,1,1
E07000174,29.220474840291867,0,114.5,3,2
E07000175,29.220474840291867,0,114.5,3,2
E07000176,24.182805307756027,0,85,2,2
E07000177,13.971513104984659,0,39.5,1,1
E07000178,13.971513104984659,0,39.5,1,1
E07000179,13.971513104984659,0,39.5,1,1
E07000180,13.971513104984659,0,39.5,1,1
E07000181,24.182805307756027,0,85,2,2
E07000187,45.955726737112855,0,197,6,3
E07000188,50.66255024374182,0,215.5,7,4
E07000189,56.88284697578709,0,238.5,8,4
E07000192,24.91237215957433,0,88,2,2
E07000193,13.971513104984659,0,39.5,1,1
E07000194,33.31962626238409,0,136.5,4,2
E07000195,41.4340994625841,0,174,5,3
E07000196,32.0720431396454,0,128.5,3,2
E07000197,27.498642315924833,0,101.5,2,2
E07000198,49.125454728945314,0,211,7,4
E07000199,13.971513104984659,0,39.5,1,1
E07000200,38.17893140781658,0,160,5,3
E07000202,13.971513104984659,0,39.5,1,1
E07000203,29.763204612075693,0,119.5,3,2
E07000207,13.971513104984659,0,39.5,1,1
E07000208,13.971513104984659,0,39.5,1,1
E07000209,13.971513104984659,0,39.5,1,1
E07000210,13.971513104984659,0,39.5,1,1
E07000211,13.971513104984659,0,39.5,1,1
E07000212,13.971513104984659,0,39.5,1,1
E07000213,13.971513104984659,0,39.5,1,1
E07000214,13.971513104984659,0,39.5,1,1
E07000215,13.971513104984659,0,39.5,1,1
E07000216,13.971513104984659,0,39.5,1,1
E07000217,13.971513104984659,0,39.5,1,1
E07000218,28.429662618874747,0,109,3,2
E07000219,37.146685302622004,0,154,4,3
E07000220,13.971513104984659,0,39.5,1,1
E07000221,30.984986959749516,0,123.5,3,2
E07000222,13.971513104984659,0,39.5,1,1
E07000223,53.82211755747609,0,229,7,4
E07000224,51.35410993568361,0,220,7,4
E07000225,32.0720431396454,0,128.5,3,2
E07000226,13.971513104984659,0,39.5,1,1
E07000227,23.615369120540915,0,82.5,2,2
E07000228,13.971513104984659,0,39.5,1,1
E07000229,35.444743530321546,0,147,4,3
E07000234,28.429662618874747,0,109,3,2
E07000235,72.44682891600667,0,277.5,9,5
E07000236,13.971513104984659,0,39.5,1,1
E07000237,13.971513104984659,0,39.5,1,1
E07000238,44.34770437523326,0,189.5,6,3
E07000239,69.6911547491434,0,272,9,5
E07000240,13.971513104984659,0,39.5,1,1
E07000241,13.971513104984659,0,39.5,1,1
E07000242,13.971513104984659,0,39.5,1,1
E07000243,13.971513104984659,0,39.5,1,1
E07000244,55.44094674070321,0,235,7,4
E07000245,25.58937393202336,0,91.5,2,2
E07000246,40.39374938490734,0,169,5,3
E08000001,46.308588531547194,133.69913406446815,201,6,4
E08000002,41.3061639400177,140.31571019828903,173,5,3
E08000003,32.9151620876612,112.64863946628968,134,4,2
E08000004,67.66618553885955,189.8124479770155,267,9,5
E08000005,71.74447513992061,230.70705679536346,275,9,5
E08000006,51.02506840947269,142.2271884667835,217,7,4
E08000007,48.928971554559276,123.86070094588914,210,7,4
E08000008,56.67062852298531,116.165140240278,237,8,4
E08000009,53.920731289555476,130.40343644750865,230,7,4
E08000010,68.2647219095931,163.06451323622474,271,9,5
E08000011,66.96821517824102,177.87562894449627,265,9,5
E08000012,52.4708906486045,121.97887883107353,223,7,4
E08000013,132.32828546262766,227.07359311916628,315,10,5
E08000014,97.22010984392504,172.59413845017457,298,10,5
E08000015,51.23785911219812,101.20693406265445,218,7,4
E08000016,127.92089110869574,314.2497019752184,313,10,5
E08000017,60.839852988419864,55.2163264627673,252,8,4
E08000018,59.282888540119885,129.9232872006986,248,8,4
E08000019,55.09750660683933,113.97138495939251,233,7,4
E08000021,79.8812888912419,204.24753931135123,288,9,5
E08000022,72.20304779732814,129.1528540070944,276,9,5
E08000023,94.10427187653094,80.63242972550108,297,10,5
E08000024,89.58351615484398,159.4063695632018,295,10,5
E08000025,28.844780092279404,89.23848916249581,112,3,2
E08000026,32.22262368987492,108.55715593366216,131,4,2
E08000027,81.23228165672563,175.46403151450843,290,9,5
E08000028,40.63779422197504,111.60612788712594,170,5,3
E08000029,51.81958660812204,174.96815356774192,221,7,4
E08000030,58.30260866124399,121.10009987394437,243,8,4
E08000031,42.71590283535803,118.97734336117736,182,5,3
E08000032,52.48884035702501,139.53144109883812,224,7,4
E08000033,55.26389111047013,180.65270882268518,234,7,4
E08000034,58.407341658829054,167.50953553457398,244,8,4
E08000035,46.97866025207571,108.03156766437374,204,6,4
E08000036,50.64616227626474,123.41320395354516,214,7,4
E08000037,110.26759742544928,182.3403076025294,307,10,5
E09000001,100.74582026981228,354.0399272764384,304,10,5
E09000002,54.057563166969445,177.54423091868063,231,7,4
E09000003,27.50986738954795,62.345473218573815,103,2,2
E09000004,46.59587328628497,159.90800820193004,202,6,4
E09000005,33.38871731904881,115.41592724681932,138,4,2
E09000006,44.56422162559667,155.03920130370173,191,6,3
E09000007,48.824528493023266,170.41770579329247,209,6,4
E09000008,29.24086020098874,91.11156761293775,116,3,2
E09000009,63.34187305941104,204.8271537430895,255,8,4
E09000010,53.477324919301466,176.58072527381188,228,7,4
E09000011,36.455121306271316,129.17476649256406,150,4,3
E09000012,68.22456032992162,215.1952125110366,270,9,5
E09000013,42.69755606831119,144.86538447871888,181,5,3
E09000014,29.64388085219553,95.10488025891902,118,3,2
E09000015,37.575368147475764,130.95962069155811,156,4,3
E09000016,60.067099757325764,190.2082884897188,251,8,4
E09000017,39.99416445437225,138.8653379277731,168,5,3
E09000018,27.142274178360505,53.073395278551686,100,2,2
E09000019,58.589439026517965,188.04140593469194,246,8,4
E09000020,49.29739734568798,171.3645890874967,212,7,4
E09000021,37.008425004279246,130.0074757741313,153,4,3
E09000022,57.201008407087684,182.65510747533813,241,8,4
E09000023,28.6492688332206,88.7366334601301,111,3,2
E09000024,31.11280883825188,102.16034053421238,125,3,2
E09000025,64.23898795167419,205.73934183057247,259,8,5
E09000026,87.50879489088291,295.18040072133516,294,10,5
E09000027,43.42614529445251,146.5128745966622,184,6,3
E09000028,66.14555157344665,210.83918243613292,263,8,5
E09000029,37.86416794224699,133.06873278065635,157,5,3
E09000030,45.355479825341476,158.42900504215612,194,6,3
E09000031,39.36520297578561,137.93939315213063,165,5,3
E09000032,44.95644823271816,155.17254354177274,193,6,3
E09000033,51.292536114815746,173.25240805388586,219,7,4
