LAD19CD,worst_bed_occupancy_rate
E06000001,0.871812850143663
E06000002,0.871812850143663
E06000003,0.871812850143663
E06000004,0.871812850143663
E06000005,0.871812850143663
E06000006,0.9145594951357473
E06000007,0.9415098408052486
E06000008,0.9330797644548061
E06000009,0.8864043150401295
E06000010,0.8538663457066152
E06000011,0.9052182162594657
E06000012,0.8952462289242175
E06000013,0.8952462289242175
E06000014,0.9052182162594657
E06000015,0.9244685065411743
E06000016,0.9556832085707624
E06000017,0.8860051404151874
E06000018,0.9106573442799015
E06000019,0.9160392071522879
E06000020,0.8905775500520403
E06000021,0.9186634504549106
E06000022,0.9645706216485455
E06000023,0.9843296889687669
E06000024,0.9843296889687669
E06000025,0.9645706216485455
E06000026,0.9326909363386687
E06000027,0.8967853250820929
E06000030,0.9326909363386687
E06000031,0.9106573442799015
E06000032,0.9846626601264611
E06000033,0.9214832705263077
E06000034,0.9404014728123509
E06000035,0.9186657933807195
E06000036,0.8978167818731824
E06000037,0.9326909363386687
E06000038,0.8949149876749684
E06000039,0.9326909363386687
E06000040,0.9486765546275107
E06000041,0.8684312701856949
E06000042,0.9326909363386687
E06000043,0.9748715503756882
E06000044,0.9523289466257344
E06000045,0.9523289466257344
E06000046,0.8978167818731824
E06000047,0.871812850143663
E06000049,0.9212049718812271
E06000050,0.9145594951357473
E06000051,0.9307670331829142
E06000052,0.9189168711173137
E06000053,0.9189168711173137
E06000054,0.9645706216485455
E06000055,0.9846626601264611
E06000056,0.9028260766027302
E06000057,0.871812850143663
E06000058,0.9146007938587275
E06000059,0.9146007938587275
E06000060,0.9486765546275107
E07000008,0.9106573442799015
E07000009,0.842564165960643
E07000010,0.9106573442799015
E07000011,0.9106573442799015
E07000012,0.9106573442799015
E07000026,0.8762248097775938
E07000027,0.9330797644548061
E07000028,0.8762248097775938
E07000029,0.8762248097775938
E07000030,0.8762248097775938
E07000031,0.9330797644548061
E07000032,0.5618101257421994
E07000033,0.5618101257421994
E07000034,0.9244685065411743
E07000035,0.9556832085707624
E07000036,0.9244685065411743
E07000037,0.9212049718812271
E07000038,0.5618101257421994
E07000040,0.8712541849722057
E07000041,0.8967853250820929
E07000042,0.8967853250820929
E07000043,0.8967853250820929
E07000044,0.8882668679349561
E07000045,0.8967853250820929
E07000046,0.8967853250820929
E07000047,0.8967853250820929
E07000061,0.9748715503756882
E07000062,0.910035555643426
E07000063,0.9748715503756882
E07000064,0.910035555643426
E07000065,0.9748715503756882
E07000066,0.9404014728123509
E07000067,0.9214832705263077
E07000068,0.9404014728123509
E07000070,0.9404014728123509
E07000071,0.9214832705263077
E07000072,0.9416561529423362
E07000073,0.9404014728123509
E07000074,0.9214832705263077
E07000075,0.9404014728123509
E07000076,0.9214832705263077
E07000077,0.9404014728123509
E07000078,0.9160392071522879
E07000079,0.9645706216485455
E07000080,0.9160392071522879
E07000081,0.9160392071522879
E07000082,0.9160392071522879
E07000083,0.9160392071522879
E07000084,0.9523289466257344
E07000085,0.9523289466257344
E07000086,0.8978167818731824
E07000087,0.9523289466257344
E07000088,0.9523289466257344
E07000089,0.8978167818731824
E07000090,0.9523289466257344
E07000091,0.9523289466257344
E07000093,0.9523289466257344
E07000094,0.9523289466257344
E07000095,0.8445523944065778
E07000096,0.7912598568226769
E07000098,0.827736003819502
E07000099,0.9106573442799015
E07000102,0.7912598568226769
E07000103,0.827736003819502
E07000105,0.9186657933807195
E07000106,0.9186657933807195
E07000107,0.9518753101312618
E07000108,0.9186657933807195
E07000109,0.9297931328650209
E07000110,0.9186657933807195
E07000111,0.9186657933807195
E07000112,0.9186657933807195
E07000113,0.9186657933807195
E07000114,0.9186657933807195
E07000116,0.9186657933807195
E07000117,0.8864043150401295
E07000118,0.9333475598012392
E07000119,0.9333475598012392
E07000120,0.8675889573515279
E07000121,0.9330797644548061
E07000122,0.8675889573515279
E07000123,0.9333475598012392
E07000124,0.9330797644548061
E07000127,0.9415098408052486
E07000128,0.8864043150401295
E07000130,0.8860051404151874
E07000131,0.9340572536666616
E07000132,0.8860051404151874
E07000133,0.8860051404151874
E07000134,0.8860051404151874
E07000135,0.8860051404151874
E07000136,0.9501407465484858
E07000137,0.9501407465484858
E07000138,0.9556832085707624
E07000139,0.8498473977992018
E07000140,0.9501407465484858
E07000141,0.9501407465484858
E07000142,0.9556832085707624
E07000143,0.8508959129101122
E07000144,0.9416561529423362
E07000145,0.9106573442799015
E07000146,0.9106573442799015
E07000147,0.9015796685047175
E07000148,0.8508959129101122
E07000149,0.9106573442799015
E07000150,0.8722987029543648
E07000151,0.8722987029543648
E07000153,0.9340572536666616
E07000154,0.9326909363386687
E07000156,0.9340572536666616
E07000163,0.8641879499502987
E07000164,0.9052182162594657
E07000165,0.9052182162594657
E07000166,0.871812850143663
E07000167,0.9052182162594657
E07000168,0.9052182162594657
E07000169,0.9052182162594657
E07000170,0.886092419783467
E07000171,0.8958918187057184
E07000173,0.8752889087135411
E07000174,0.8404296384101064
E07000175,0.8752889087135411
E07000176,0.886092419783467
E07000177,0.9326909363386687
E07000178,0.9326909363386687
E07000179,0.9486765546275107
E07000180,0.9326909363386687
E07000181,0.9326909363386687
E07000187,0.8942756014488872
E07000188,0.8942756014488872
E07000189,0.9146007938587275
E07000192,0.9187888576160126
E07000193,0.8272294211733981
E07000194,0.9186634504549106
E07000195,0.9186634504549106
E07000197,0.9187888576160126
E07000198,0.9186634504549106
E07000200,0.8508959129101122
E07000202,0.9106573442799015
E07000203,0.8956112994206082
E07000207,0.9104747704651036
E07000208,0.9104747704651036
E07000209,0.8974050676302969
E07000210,0.9104747704651036
E07000211,0.921493005110585
E07000212,0.8974050676302969
E07000213,0.8840432554748866
E07000214,0.9326909363386687
E07000215,0.921493005110585
E07000216,0.8949149876749684
E07000217,0.8840432554748866
E07000219,0.9751994298334128
E07000220,0.9219768046194263
E07000221,0.9326909363386687
E07000222,0.9219768046194263
E07000223,0.9195246059594244
E07000224,0.9523289466257344
E07000225,0.9523289466257344
E07000226,0.9748715503756882
E07000227,0.921493005110585
E07000228,0.9748715503756882
E07000229,0.9748715503756882
E07000234,0.9307670331829142
E07000235,0.9307670331829142
E07000236,0.8844924887960083
E07000237,0.9219768046194263
E07000238,0.9307670331829142
E07000239,0.8844924887960083
E07000240,0.9416561529423362
E07000241,0.8927908302901368
E07000242,0.9404014728123509
E07000243,0.9416561529423362
E07000244,0.9214832705263077
E07000245,0.9106573442799015
E07000246,0.8942756014488872
E08000001,0.9212049718812271
E08000002,0.9212049718812271
E08000003,0.9212049718812271
E08000004,0.9212049718812271
E08000005,0.9212049718812271
E08000006,0.9212049718812271
E08000007,0.9556832085707624
E08000008,0.9110920566323486
E08000009,0.9212049718812271
E08000010,0.8655345815898379
E08000011,0.9415098408052486
E08000012,0.9415098408052486
E08000013,0.9415098408052486
E08000014,0.9415098408052486
E08000015,0.8972226039177327
E08000016,0.8958918187057184
E08000017,0.9556832085707624
E08000018,0.9556832085707624
E08000019,0.9556832085707624
E08000021,0.871812850143663
E08000022,0.8412863438455244
E08000023,0.8277220797213481
E08000024,0.9306849127870194
E08000025,0.9685817700185768
E08000026,0.9219768046194263
E08000027,0.9201916124323118
E08000028,0.9201916124323118
E08000029,0.9685817700185768
E08000030,0.9201916124323118
E08000031,0.9201916124323118
E08000032,0.9418835438516738
E08000033,0.8641879499502987
E08000034,0.8678630671528642
E08000035,0.9326909363386687
E08000036,0.9556832085707624
E08000037,0.9306849127870194
E09000001,0.9337538627098663
E09000002,0.8827329379760689
E09000003,0.9914379657693482
E09000004,0.9518753101312618
E09000005,0.9326909363386687
E09000006,0.9518753101312618
E09000007,0.9475648455085928
E09000008,0.918945933344813
E09000009,0.9056258443986681
E09000010,0.9914379657693482
E09000011,0.9297931328650209
E09000012,0.9214832705263077
E09000013,0.9104747704651036
E09000014,0.9475648455085928
E09000015,0.9914379657693482
E09000016,0.9214832705263077
E09000017,0.8792824035978938
E09000018,0.838876218392369
E09000019,0.9104747704651036
E09000020,0.9556832085707624
E09000021,0.9104747704651036
E09000022,0.9518753101312618
E09000023,0.9167638960156671
E09000024,0.9104747704651036
E09000025,0.9337538627098663
E09000026,0.9337538627098663
E09000027,0.9104747704651036
E09000028,0.7790630175049671
E09000029,0.9104747704651036
E09000030,0.9556832085707624
E09000031,0.9337538627098663
E09000032,0.9104747704651036
E09000033,0.8914747055734191
L99999999,0.9106573442799015
W06000006,0.7826953915271261
