LAD19CD,pop,pop_flood,prop_at_risk_of_flooding
E06000001,93242,773,0.008290255464275755
E06000002,140545,1326,0.009434700629691558
E06000003,136718,284,0.002077268538158838
E06000004,197213,2444,0.012392692165323786
E06000005,106566,1144,0.010735131280145638
E06000006,128432,1283,0.009989722187616793
E06000007,209547,12446,0.05939478971304767
E06000008,148942,770,0.005169797639349546
E06000009,139305,7977,0.0572628405297728
E06000010,260645,237759,0.9121947476452646
E06000011,339614,71009,0.20908737566766977
E06000012,159821,59815,0.37426245612278736
E06000013,172005,20449,0.11888607889305544
E06000014,209893,4890,0.023297584959955788
E06000015,257174,6409,0.024920870694549214
E06000016,355218,18190,0.051207990586062645
E06000017,39697,303,0.007632818600901831
E06000018,331069,18779,0.05672231468364601
E06000019,192107,5455,0.028395633683311904
E06000020,177799,1832,0.010303769987457747
E06000021,255833,5975,0.02335507929000559
E06000022,192106,1588,0.008266269663623208
E06000023,463405,7235,0.01561269300072291
E06000024,213919,85138,0.3979917632374871
E06000025,282644,6940,0.024553855733714495
E06000026,263100,2467,0.009376662865830483
E06000027,135780,3004,0.022124024156724112
E06000030,221996,2779,0.012518243571956252
E06000031,201041,3044,0.015141190105500867
E06000032,214109,0,0
E06000033,182463,5996,0.03286145684330522
E06000034,172525,29253,0.16955803506738154
E06000035,277855,8131,0.02926346475679761
E06000036,121676,1248,0.010256747427594595
E06000037,158527,4747,0.02994442587067187
E06000038,163203,5615,0.0344050048099606
E06000039,149112,11027,0.07395112398733837
E06000040,150906,24556,0.16272381482512294
E06000041,167979,1400,0.008334375130224612
E06000042,268607,1573,0.005856139266660958
E06000043,290395,1349,0.004645396787134765
E06000044,215133,28301,0.13155117996774088
E06000045,252796,3134,0.012397348059304735
E06000046,141538,2007,0.014179937543274597
E06000047,526980,2542,0.004823712474856731
E06000049,380790,870,0.0022847238635468367
E06000050,340502,2686,0.0078883530786897
E06000051,320274,8260,0.025790416955481867
E06000052,565968,12076,0.02133689537217652
E06000053,2242,0,0
E06000054,498064,7650,0.01535947187510039
E06000055,171623,3735,0.021762817338002484
E06000056,283606,606,0.002136767205207224
E06000057,320274,4486,0.014006756714563156
E06000058,395784,3136,0.007923513835829645
E06000059,376484,11920,0.031661372063620234
E07000004,199448,3081,0.015447635473907985
E07000005,95927,288,0.00300228298602062
E07000006,70043,740,0.01056493868052482
E07000007,174641,3501,0.02004683894389061
E07000008,125758,2931,0.023306668363046488
E07000009,89362,3119,0.03490297889483226
E07000010,101491,20695,0.20390970627937452
E07000011,177352,15431,0.08700775858180342
E07000012,157519,4443,0.02820612116633549
E07000026,97527,3695,0.03788694412829268
E07000027,67137,1230,0.01832074712900487
E07000028,108387,5784,0.05336433336101193
E07000029,68424,1509,0.022053665380568223
E07000030,52881,794,0.015014844651197973
E07000031,104532,4433,0.042408066429418745
E07000032,126678,1791,0.0141382086865912
E07000033,79530,0,0
E07000034,104628,752,0.007187368582023932
E07000035,71977,2994,0.04159662114286508
E07000036,115490,23398,0.20259762750021648
E07000037,92221,542,0.005877186324156103
E07000038,101125,1158,0.011451174289245983
E07000039,104493,5746,0.05498932942876556
E07000040,144317,11694,0.08102995489096919
E07000041,130428,14817,0.11360290735118227
E07000042,81695,5431,0.06647897668155946
E07000043,96110,7318,0.07614192071584643
E07000044,86221,2696,0.03126848447593974
E07000045,132844,9194,0.06920899701905996
E07000046,68143,3060,0.044905566235710195
E07000047,55528,2885,0.05195577006195073
E07000061,103160,22612,0.21919348584722761
E07000062,92855,1736,0.01869581605729363
E07000063,102744,3740,0.036401152378727715
E07000064,95656,5712,0.059713975077360544
E07000065,160175,3014,0.018816918994849382
E07000066,185862,334,0.0017970322066909858
E07000067,151561,1641,0.010827323651862947
E07000068,76550,1031,0.013468321358589157
E07000069,90070,39279,0.4360941489952259
E07000070,177079,1702,0.009611529317423297
E07000071,192523,4561,0.023690675919240817
E07000072,131137,3839,0.029274727956259485
E07000073,86594,268,0.0030949026491442827
E07000074,64425,6775,0.10516103996895615
E07000075,86981,2388,0.027454271622538256
E07000076,145803,8896,0.061013833734559646
E07000077,89179,603,0.006761681561802666
E07000078,117090,1595,0.013622000170808779
E07000079,89022,2776,0.031183303003751883
E07000080,86543,1587,0.01833770495591787
E07000081,129285,4218,0.032625594616544844
E07000082,119019,1906,0.01601424982565809
E07000083,92599,1302,0.014060627004611281
E07000084,175729,2004,0.011403923086115554
E07000085,120681,1030,0.008534897788384253
E07000086,131819,6880,0.052192779493092804
E07000087,116339,2402,0.020646558763613234
E07000088,85283,1233,0.014457746561448354
E07000089,96293,4672,0.04851858390537214
E07000090,125813,3992,0.03172963048333638
E07000091,179753,4055,0.02255873337301742
E07000092,95142,365,0.0038363708982363204
E07000093,125169,2158,0.017240690586327285
E07000094,124295,3965,0.03189991552355284
E07000095,96876,2057,0.021233329204343697
E07000096,154280,1602,0.010383717915478352
E07000098,104205,3349,0.03213857300513411
E07000099,133214,640,0.004804299848364286
E07000102,93045,522,0.0056101886184104464
E07000103,96767,0,0
E07000105,129281,2451,0.018958702361522573
E07000106,164553,7980,0.04849501376456218
E07000107,109709,2196,0.020016589340892725
E07000108,116969,4679,0.04000205182569741
E07000109,106385,3500,0.032899374911876673
E07000110,169955,3528,0.020758436056603217
E07000111,120293,1785,0.014838768673156377
E07000112,112578,18892,0.1678125388619446
E07000113,148519,23835,0.1604845171324881
E07000114,141819,0,0
E07000115,130508,7661,0.058701382290740796
E07000116,118054,1929,0.016339980009148356
E07000117,88527,1261,0.014244241869712066
E07000118,116821,3160,0.027049931091156557
E07000119,79770,3638,0.04560611758806569
E07000120,80815,1636,0.02024376662748252
E07000121,144246,3788,0.026260693537429113
E07000122,91405,2629,0.028762102729609978
E07000123,141818,3153,0.022232720811180526
E07000124,60057,1488,0.02477646236075728
E07000125,70895,2000,0.02821073418435715
E07000126,110527,3585,0.03243551349444027
E07000127,113949,5162,0.045300967976901946
E07000128,111223,38018,0.3418177894859876
E07000129,100421,630,0.006273588193704504
E07000130,182643,6976,0.03819472960912819
E07000131,92499,972,0.010508221710504978
E07000132,112423,0,0
E07000133,51100,927,0.018140900195694715
E07000134,102126,2074,0.020308246675675146
E07000135,57056,730,0.012794447560291643
E07000136,69366,65757,0.947971628751838
E07000137,140741,53583,0.380720614462026
E07000138,99039,6454,0.06516624763981865
E07000139,115985,3184,0.027451825667112125
E07000140,93980,73393,0.7809427537773994
E07000141,141853,1714,0.01208293092144685
E07000142,94869,12709,0.13396367622721858
E07000143,139329,526,0.0037752370289028127
E07000144,129464,816,0.0063029104615955015
E07000145,99370,16460,0.16564355439267384
E07000146,151811,45324,0.29855544064659345
E07000147,104552,3580,0.03424133445558191
E07000148,141137,0,0
E07000149,138017,1573,0.011397146728301586
E07000150,70827,0,0
E07000151,84484,373,0.004415037166800815
E07000152,93906,315,0.0033544182480352695
E07000153,101266,0,0
E07000154,225146,3931,0.017459781652794187
E07000155,92515,1267,0.013695076474085284
E07000156,79478,218,0.002742897405571353
E07000163,56832,3992,0.07024211711711711
E07000164,91134,3604,0.039546162793249504
E07000165,160533,2786,0.01735468719827076
E07000166,53244,2316,0.043497858913680416
E07000167,54920,2877,0.05238528769118718
E07000168,108736,988,0.009086227192466156
E07000169,89106,14203,0.15939442910690638
E07000170,127151,1673,0.0131575842895455
E07000171,116839,3898,0.03336214791294003
E07000172,113272,10062,0.08883042587753373
E07000173,117786,8337,0.07078090774794966
E07000174,108841,0,0
E07000175,121566,5541,0.04558017866837767
E07000176,117671,18823,0.15996294754017557
E07000177,149161,2836,0.019013012784843224
E07000178,154327,5277,0.03419362781626028
E07000179,140504,2743,0.019522575869726128
E07000180,133732,1827,0.013661651661532019
E07000181,109800,1049,0.009553734061930783
E07000187,114881,1339,0.011655539210139187
E07000188,122791,56911,0.4634785937080079
E07000189,167861,1777,0.010586139722746796
E07000192,100109,0,0
E07000193,118574,13779,0.11620591360669287
E07000194,103965,1937,0.018631270138989083
E07000195,129490,1599,0.012348443895281488
E07000196,112126,991,0.008838271230579883
E07000197,135880,1371,0.010089785104503974
E07000198,98397,711,0.007225830055794384
E07000199,76678,4888,0.06374709825504056
E07000200,91401,805,0.008807343464513517
E07000202,137532,2463,0.017908559462525085
E07000203,102493,957,0.009337223029865454
E07000207,136626,6080,0.044501046652906474
E07000208,79928,0,0
E07000209,147889,2229,0.01507211489698355
E07000210,87253,1430,0.016389121290958476
E07000211,147757,1684,0.011397091169961491
E07000212,88000,13539,0.15385227272727273
E07000213,99334,8803,0.08862021060261341
E07000214,88874,865,0.009732880257443122
E07000215,87496,2277,0.02602404681356862
E07000216,125610,3036,0.024170050155242418
E07000217,101167,1189,0.011752844306938032
E07000218,64850,1217,0.018766383962991517
E07000219,128902,2692,0.020884082481264835
E07000220,107194,1055,0.009841968766908595
E07000221,127580,2977,0.02333437842922088
E07000222,142484,2588,0.018163442912888465
E07000223,63869,6588,0.10314863235685544
E07000224,159827,6564,0.04106940629555707
E07000225,120750,4464,0.036968944099378884
E07000226,112448,2750,0.0244557484348321
E07000227,142217,522,0.003670447274235851
E07000228,149716,0,0
E07000229,110025,2661,0.0241854124062713
E07000234,98662,348,0.0035271938537633535
E07000235,78113,1021,0.013070807676059042
E07000236,84989,355,0.0041770111426184565
E07000237,101891,564,0.005535326967053027
E07000238,127340,839,0.0065886602795665146
E07000239,101062,2650,0.02622152737923255
E07000240,147373,1021,0.006927999022887503
E07000241,122746,1023,0.008334283805582259
E07000242,148105,1784,0.01204550825427906
E07000243,87754,0,0
E07000244,248249,3583,0.014433089357862468
E07000245,178881,2952,0.016502591108055076
E07000246,153866,7421,0.04823027829410006
E08000001,285372,1069,0.0037459876932565213
E08000002,190108,2910,0.015307088602268185
E08000003,547627,5490,0.010025071809826761
E08000004,235623,500,0.0021220339270784263
E08000005,220001,1061,0.004822705351339312
E08000006,254408,4521,0.017770667589069526
E08000007,291775,2265,0.007762830948504841
E08000008,225197,746,0.0033126551419423883
E08000009,236370,792,0.003350679020180226
E08000010,326088,7284,0.022337528519908736
E08000011,149571,0,0
E08000012,494814,1291,0.0026090611825857796
E08000013,180049,1139,0.006326055684841349
E08000014,275396,13053,0.04739720257374835
E08000015,323235,10666,0.03299766423809303
E08000016,245199,313,0.001276514178279683
E08000017,310542,46699,0.15037901475484797
E08000018,264671,0,0
E08000019,582506,2689,0.004616261463401236
E08000021,300196,0,0
E08000022,205985,946,0.0045925674199577635
E08000023,150265,0,0
E08000024,277417,836,0.0030135139519207547
E08000025,1141374,14258,0.012491961442962605
E08000026,366785,2492,0.006794170972095369
E08000027,320626,567,0.0017684155371055373
E08000028,327378,1406,0.0042947296397436606
E08000029,214909,340,0.001582064967032558
E08000030,283378,4716,0.01664208230702454
E08000031,262008,2747,0.010484412689688865
E08000032,537173,4499,0.008375327873887927
E08000033,210082,8923,0.0424738911472663
E08000034,438727,5481,0.012492962594050515
E08000035,789194,10291,0.013039886263707022
E08000036,345038,6170,0.017882088349689018
E08000037,202508,0,0
E09000001,8706,319,0.03664139673788192
E09000002,211998,21451,0.1011849168388381
E09000003,392140,5697,0.014527974702912226
E09000004,247258,27954,0.11305599818812738
E09000005,330795,6083,0.01838903248235312
E09000006,331096,5657,0.017085679077971344
E09000007,262226,0,0
E09000008,385346,11647,0.030224784998417006
E09000009,341982,3707,0.010839751799802328
E09000010,333869,9156,0.027423929744899947
E09000011,286186,64151,0.2241584144577303
E09000012,279665,4710,0.01684157831691488
E09000013,185426,112624,0.6073797633557322
E09000014,270624,289,0.0010679023294312404
E09000015,250149,3658,0.014623284522424635
E09000016,257810,4849,0.018808424808967845
E09000017,304824,2566,0.008417972338136105
E09000018,270782,28405,0.10489988256235644
E09000019,239142,0,0
E09000020,156197,4907,0.031415456122716824
E09000021,175470,7163,0.04082179289907106
E09000022,325917,42421,0.13015890548820713
E09000023,303536,35013,0.1153504032470613
E09000024,206186,1472,0.0071391850077114835
E09000025,352005,90056,0.25583727503870685
E09000026,303858,5187,0.017070473708113657
E09000027,196904,27036,0.13730548896924388
E09000028,317256,176590,0.5566167385329198
E09000029,204525,2189,0.010702848062584036
E09000030,317705,80772,0.2542358477203695
E09000031,276700,2975,0.010751716660643297
E09000032,326474,62100,0.19021422839184743
E09000033,255324,48297,0.18915965596653664
N09000001,143505,0,0
N09000002,223718,0,0
N09000003,353062,0,0
N09000004,144852,0,0
N09000005,151287,0,0
N09000006,117398,0,0
N09000007,150255,0,0
N09000008,139271,0,0
N09000009,149915,0,0
N09000010,181887,0,0
N09000011,162031,0,0
S12000005,102800,0,0
S12000006,297580,0,0
S12000008,243680,0,0
S12000010,211580,0,0
S12000011,190340,0,0
S12000013,53660,0,0
S12000014,320680,0,0
S12000017,471080,0,0
S12000018,156300,0,0
S12000019,182680,0,0
S12000020,191040,0,0
S12000021,270560,0,0
S12000023,44380,0,0
S12000026,230540,0,0
S12000027,45980,0,0
S12000028,225100,0,0
S12000029,638040,0,0
S12000030,188660,0,0
S12000033,455120,0,0
S12000034,522940,0,0
S12000035,172520,0,0
S12000036,1037000,0,0
S12000038,355580,0,0
S12000039,178260,0,0
S12000040,364280,0,0
S12000041,232080,0,0
S12000042,297500,0,0
S12000045,216660,0,0
S12000047,743820,0,0
S12000048,302580,0,0
S12000049,1252820,0,0
S12000050,680360,0,0
W06000001,69961,1282,0.01832449507582796
W06000002,124178,10157,0.08179387653207493
W06000003,117181,22520,0.19218132632423346
W06000004,95330,21002,0.22030840239169203
W06000005,155593,12145,0.07805621075498255
W06000006,136126,1540,0.011313048205339172
W06000008,72992,4308,0.0590201665935993
W06000009,125055,824,0.006589100795649914
W06000010,187568,9739,0.051922502772327905
W06000011,246466,2359,0.009571299895320247
W06000012,142906,10554,0.07385274236211216
W06000013,144876,2923,0.020175874540986776
W06000014,132165,1115,0.008436424166761245
W06000015,364248,45087,0.12378105027344008
W06000016,240131,5558,0.023145699638947075
W06000018,181019,6160,0.03402957700572868
W06000019,69713,3818,0.054767403497195645
W06000020,93049,2262,0.02430977227052413
W06000021,94142,3959,0.04205349365851586
W06000022,153302,34603,0.2257178640852696
W06000023,132447,9894,0.07470157874470543
W06000024,60183,1353,0.02248143163351777
