LAD19CD,avg_3_year_spend,pop_lad19,spend_weighted,spend_ranked,spend_rank_inverted
E07000223,8.239272048633408,63869,1.2900267811666706e-4,182,144
E07000026,10.791928446053404,97527,1.1065580245525244e-4,125,201
E07000032,11.411954176874403,126678,9.00863147261119e-5,30,296
E07000224,17.63013595075359,159827,1.1030761980612531e-4,123,203
E07000170,12.6707995272781,127151,9.965159162946497e-5,56,270
E07000105,13.353299966187146,129281,1.0328895944637763e-4,78,248
E07000004,22.48393363600711,199448,1.1273080520239415e-4,138,188
E07000200,8.70516666027547,91401,9.524148160605978e-5,42,284
E09000002,151.06702609346263,211998,7.125870342808075e-4,245,81
E09000003,261.66495538567625,392140,6.672743290296227e-4,218,108
E08000016,180.52606418953314,245199,7.362430686484576e-4,259,67
E07000027,9.265272782990865,67137,1.3800546320197305e-4,197,129
E07000066,24.705491746835698,185862,1.3292384536288051e-4,189,137
E07000084,13.147828152089819,175729,7.481877295204445e-5,13,313
E07000171,11.772546043322787,116839,1.0075870251647812e-4,62,264
E06000022,124.74662539137911,192106,6.493635044786686e-4,213,113
E06000055,137.56604570342995,171623,8.015594978728372e-4,287,39
E09000004,159.03641855985396,247258,6.432002950758072e-4,211,115
E08000025,891.1216343320365,1141374,7.807446413989074e-4,280,46
E07000129,10.156097434870556,100421,1.0113519517701035e-4,65,261
E06000008,119.96483837315479,148942,8.054466730214096e-4,290,36
E06000009,131.04430730002449,139305,9.407006733428412e-4,322,4
E07000033,9.106155139077478,79530,1.1449962453259749e-4,150,176
E08000001,212.89818235947777,285372,7.460373910526533e-4,265,61
E07000136,7.795329982741682,69366,1.1237969585591907e-4,133,193
E06000058,135.91792622014543,395784,3.4341440336179693e-4,203,123
E06000036,81.5975004799943,121676,6.706129432262262e-4,219,107
E08000032,396.6540858672671,537173,7.384103182164165e-4,260,66
E07000067,14.449907773732214,151561,9.534054125884768e-5,43,283
E07000143,11.5047307193548,139329,8.25724057400455e-5,18,308
E09000005,256.36637429364885,330795,7.75000753619761e-4,276,50
E07000068,8.440907045185384,76550,1.1026658452234335e-4,121,205
E06000043,220.68829326322557,290395,7.599589981343534e-4,269,57
E06000023,357.3642905895056,463405,7.711705540283457e-4,274,52
E07000144,10.880748677028265,129464,8.404458905200106e-5,20,306
E09000006,206.23063765713957,331096,6.228726340914405e-4,208,118
E07000234,11.36278415743915,98662,1.1516880011999705e-4,152,174
E07000095,7.787615054506367,96876,8.038745462763086e-5,17,309
E07000172,8.964860950651168,113272,7.914454543621697e-5,15,311
E07000117,13.809969738889386,88527,1.559972634212092e-4,201,125
E08000002,133.41307883245096,190108,7.017751953229267e-4,238,88
E08000033,150.4432691160158,210082,7.161168930037595e-4,249,77
E07000008,18.683750441562715,125758,1.485690806275761e-4,200,126
E09000007,245.5170326151158,262226,9.362802796637855e-4,320,6
E07000192,10.554146366695786,100109,1.0542654872884343e-4,93,233
E07000106,17.002797125570808,164553,1.0332717802513967e-4,79,247
E07000028,12.538811159546208,108387,1.1568556339363769e-4,153,173
E07000069,10.7254603147209,90070,1.1907916414700677e-4,163,163
E06000056,197.10135855259279,283606,6.949830347474764e-4,232,94
E07000130,16.43323522174281,182643,8.99746238385419e-5,29,297
E07000070,19.09295568540179,177079,1.0782168233049538e-4,105,221
E07000078,13.19322630494023,117090,1.1267594418772082e-4,137,189
E07000177,15.497545908585836,149161,1.0389810948294687e-4,82,244
E06000049,270.8643080154228,380790,7.113220095470544e-4,244,82
E06000050,255.44568437651688,340502,7.502031834659323e-4,267,59
E07000034,9.246614228748399,104628,8.837609653962992e-5,26,300
E07000225,13.21896118335444,120750,1.0947379861991254e-4,115,211
E07000005,10.339193920259374,95927,1.0778189581931442e-4,104,222
E07000118,13.314546806146824,116821,1.1397391570134499e-4,149,177
E06000058,5.433964249950101,395784,1.3729620828406658e-5,2,324
E07000071,20.082217177318824,192523,1.0431074301417922e-4,88,238
E07000029,7.3628194372076035,68424,1.0760580260153753e-4,100,226
E07000150,8.02921276048178,70827,1.1336372796365482e-4,143,183
E06000052,457.2485339385217,565968,8.07905277221542e-4,293,33
E07000079,10.92615060953385,89022,1.2273539809860316e-4,173,153
E08000026,252.0133440562821,366785,6.870873783177668e-4,228,98
E07000163,6.24856746814401,56832,1.0994804807404297e-4,120,206
E07000226,12.47016085075647,112448,1.1089713334836075e-4,126,200
E09000008,280.3010590252863,385346,7.274009825592747e-4,256,70
E07000096,16.617948061897632,154280,1.0771291199052134e-4,103,223
E06000005,81.7739778230298,106566,7.673552335926073e-4,271,55
E07000107,13.525319685787748,109709,1.2328359283001166e-4,176,150
E07000151,9.865675990865888,84484,1.1677567339219128e-4,155,171
E06000015,180.458875677813,257174,7.01699532914731e-4,237,89
E07000035,8.589597301293242,71977,1.1933808440603585e-4,165,161
E08000017,226.45011157996902,310542,7.292092907882638e-4,257,69
E07000108,12.809552640128565,116969,1.0951237199709807e-4,116,210
E08000027,226.44055698799778,320626,7.062451485157092e-4,242,84
E06000047,409.9977874623051,526980,7.780139425828402e-4,278,48
E09000009,247.70149118638355,341982,7.243114876993045e-4,252,74
E07000009,7.95612330404736,89362,8.903251162739598e-5,27,299
E07000040,15.292354566590856,144317,1.0596363953374069e-4,95,231
E06000059,10.139377570889664,376484,2.6931762228646276e-5,5,321
E07000085,11.080950424137416,120681,9.182017404676308e-5,33,293
E07000137,15.782793791248878,140741,1.1214069667864288e-4,132,194
E07000152,9.411205706551035,93906,1.0021942907323319e-4,59,267
E06000011,241.55171075182025,339614,7.112536902242554e-4,243,83
E07000193,12.045718645439399,118574,1.0158819509706511e-4,68,258
E07000061,12.758328355427867,103160,1.2367514885059972e-4,178,148
E07000086,10.583154316962657,131819,8.028549994282051e-5,16,310
E07000030,7.074252882859085,52881,1.3377683634687479e-4,191,135
E07000207,17.50038863008856,136626,1.280897386301916e-4,180,146
E09000010,232.34210541983057,333869,6.959079921161611e-4,233,93
E07000072,13.022363427951424,131137,9.930350265715568e-5,54,272
E07000208,8.65447433489362,79928,1.082783797279254e-4,110,216
E07000036,10.615597809972765,115490,9.19178960080766e-5,34,292
E07000041,13.304370993881859,130428,1.0200548190481997e-4,71,255
E07000087,9.753960120005718,116339,8.384084546029894e-5,19,307
E07000010,13.03793266686117,101491,1.2846392948006395e-4,181,145
E07000245,6.081433881095013,178881,3.399709237479113e-5,8,318
E07000080,9.569285042427818,86543,1.1057260601582819e-4,124,202
E07000119,9.510230494307208,79770,1.1922064052033607e-4,164,162
E07000173,10.32932679938515,117786,8.769570916225315e-5,24,302
E07000081,13.445421943930473,129285,1.0399831336914934e-4,83,243
E07000088,9.08287972797326,85283,1.0650281683305302e-4,96,230
E07000109,10.717118188005992,106385,1.0073899692631473e-4,61,265
E07000145,11.3913582060004,99370,1.1463578752138875e-4,151,175
E09000011,231.21285276628774,286186,8.079111234172452e-4,294,32
E07000209,13.93929673572153,147889,9.425512875008642e-5,39,287
E09000012,256.1130940040427,279665,9.15785293133008e-4,317,9
E06000006,103.98444340410668,128432,8.096459091511982e-4,296,30
E07000164,8.341032085834172,91134,9.152492029137503e-5,32,294
E09000013,157.39940378862224,185426,8.488529321056499e-4,306,20
E07000131,10.285382677368547,92499,1.1119452834483127e-4,129,197
E09000014,221.56694419464407,270624,8.187261447419448e-4,300,26
E07000073,11.222744077891813,86594,1.2960186707961074e-4,183,143
E07000165,19.844026903514756,160533,1.2361338107127353e-4,177,149
E09000015,175.69121038750586,250149,7.023462431890828e-4,239,87
E07000089,10.363181855668076,96293,1.0762134169324952e-4,101,225
E06000001,83.86187758190192,93242,8.994002443309015e-4,314,12
E07000062,12.60037378865126,92855,1.3569946463465898e-4,193,133
E07000090,13.493505814961326,125813,1.0725048933704248e-4,98,228
E09000016,172.00020857359306,257810,6.671587935828441e-4,217,109
E06000019,150.01170759670117,192107,7.808758014892803e-4,281,45
E07000098,11.491718775554164,104205,1.102799172357772e-4,122,204
E07000037,8.861139691141428,92221,9.608592068120524e-5,45,281
E09000017,182.65257708721774,304824,5.992066802063411e-4,207,119
E07000132,10.36014467467485,112423,9.215324866508498e-5,35,291
E07000227,16.073775721174076,142217,1.130228855985858e-4,140,186
E09000018,175.72958463843287,270782,6.489707020349686e-4,212,114
E07000011,16.3914443705221,177352,9.242322821576355e-5,36,290
E07000120,10.863488120555326,80815,1.34424155423564e-4,192,134
E07000202,19.081632653454317,137532,1.3874322087553673e-4,198,128
E06000046,129.94044916877513,141538,9.180605149767209e-4,318,8
E06000053,5.047255249668583,2242,0.002251228924919083,325,1
E09000019,224.57338377275155,239142,9.390796421069973e-4,321,5
E09000020,158.61927321881612,156197,0.0010155078088491848,324,2
E07000153,11.541662359859508,101266,1.1397371634960903e-4,148,178
E07000146,15.355504320922599,151811,1.0114882532176587e-4,66,260
E06000010,209.74385408133455,260645,8.047108292172669e-4,289,37
E09000021,122.6843139816067,175470,6.99175437291883e-4,235,91
E08000034,295.41185453775313,438727,6.733386696915237e-4,221,105
E08000011,150.73644950581914,149571,0.0010077919483443925,323,3
E09000022,291.01040921277007,325917,8.928972996584102e-4,313,13
E07000121,17.31449482064801,144246,1.2003448844784612e-4,168,158
E08000035,542.9464798366316,789194,6.879759347342119e-4,229,97
E06000016,267.5101686531715,355218,7.530873116034984e-4,268,58
E07000063,10.492070174560986,102744,1.0211856823328843e-4,73,253
E09000023,254.36824423584955,303536,8.380167236698433e-4,303,23
E07000194,9.75764426316315,103965,9.385508837746502e-5,38,288
E07000138,11.791273656601293,99039,1.1905687311666407e-4,162,164
E08000012,448.04935999666515,494814,9.054904671182811e-4,315,11
E06000032,144.43675906771279,214109,6.745945246006136e-4,223,103
E07000110,22.350950236050053,169955,1.3151098959165693e-4,185,141
E07000074,7.042144869783644,64425,1.0930764252671547e-4,113,213
E07000235,8.14395887431189,78113,1.0425868772562684e-4,86,240
E08000003,434.238251190858,547627,7.929452915777674e-4,284,42
E07000174,10.743356014718842,108841,9.870688448947401e-5,52,274
E06000035,183.39659167644547,277855,6.600442377371128e-4,215,111
E07000133,5.586140515071763,51100,1.0931781829886034e-4,114,212
E07000187,11.99394881874853,114881,1.044032417784362e-4,89,237
E09000024,140.54002142410224,206186,6.816176725097836e-4,227,99
E07000042,9.80592721059672,81695,1.2003093470343007e-4,167,159
E07000203,10.355866203666418,102493,1.0103974128639436e-4,64,262
E07000228,15.654411578323858,149716,1.045607121371387e-4,90,236
E06000002,123.59183072468036,140545,8.793755076643094e-4,311,15
E06000042,180.90412853681076,268607,6.73490000397647e-4,222,104
E07000210,8.988264899721512,87253,1.0301382072503539e-4,74,252
E07000091,17.030570518318868,179753,9.474429087869948e-5,40,286
E07000175,12.409129423550645,121566,1.0207730305801495e-4,72,254
E08000021,248.72057497329703,300196,8.285272787555365e-4,301,25
E07000195,12.539461293763695,129490,9.683729472363654e-5,48,278
E09000025,255.3078311802488,352005,7.252960360797397e-4,254,72
E07000043,10.90890758037097,96110,1.1350439684081751e-4,145,181
E06000059,6.5297009775358195,376484,1.7343900345129726e-5,3,323
E07000038,9.785598402900519,101125,9.676735132658115e-5,47,279
E06000012,123.14330873329172,159821,7.705076850557293e-4,272,54
E07000099,15.112551430717717,133214,1.1344566960467907e-4,144,182
E07000139,11.679562238760779,115985,1.0069890277846944e-4,60,266
E06000013,119.86032196266932,172005,6.968420799550555e-4,234,92
E07000147,11.211160355404393,104552,1.0723047244820179e-4,97,229
E06000024,152.71946737942784,213919,7.139125901833303e-4,247,79
E08000022,165.21112129310205,205985,8.020541364327599e-4,288,38
E07000218,7.302355013185843,64850,1.1260377815244169e-4,136,190
E07000134,11.206908047062536,102126,1.097360911723022e-4,118,208
E07000154,25.61796054337509,225146,1.1378376939130649e-4,146,180
E07000148,17.040067979872248,141137,1.2073423680446834e-4,169,157
E06000018,257.41965952187365,331069,7.775408133104388e-4,277,49
E07000219,13.913029307281198,128902,1.0793493745078585e-4,106,220
E07000135,5.793914095520595,57056,1.0154784940270252e-4,67,259
E08000004,186.00564106693597,235623,7.894205619440206e-4,282,44
E07000178,21.683978358240125,154327,1.4050670562014506e-4,199,127
E07000122,12.42337557230385,91405,1.359157110913391e-4,194,132
E06000031,141.23322589631692,201041,7.025095671843899e-4,240,86
E06000026,194.51628264644583,263100,7.393245254520936e-4,262,64
E06000058,103.21114581851046,395784,2.6077644831147914e-4,202,124
E06000044,149.44331802973952,215133,6.94655483025568e-4,231,95
E07000123,18.93805273333183,141818,1.335377225269841e-4,190,136
E06000059,5.153687096616526,376484,1.3688993679987797e-5,1,325
E06000038,129.1209370336029,163203,7.911676686923825e-4,283,43
E09000026,190.0774819869003,303858,6.255470712862597e-4,209,117
E06000003,113.63114992122955,136718,8.311352559372545e-4,302,24
E07000236,9.177157868466846,84989,1.0798053711029482e-4,107,219
E07000211,18.13799662474175,147757,1.2275558264408286e-4,174,152
E07000124,6.591670041879291,60057,1.0975689831125916e-4,119,207
E09000027,153.69436657048064,196904,7.805548214890538e-4,279,47
E07000166,6.6296555566526765,53244,1.2451460364834867e-4,179,147
E08000005,178.57620424275282,220001,8.117063297110142e-4,297,29
E07000075,9.657695020742679,86981,1.110322371637792e-4,127,199
E07000125,8.398836741305384,70895,1.184686753833893e-4,161,165
E07000064,10.624145795465461,95656,1.1106617248751213e-4,128,198
E08000018,202.37131035245673,264671,7.646145983219043e-4,270,56
E07000220,11.626982006875604,107194,1.0846672394794115e-4,112,214
E07000212,8.350175023135606,88000,9.488835253563188e-5,41,285
E07000176,10.517432196938394,117671,8.937998484705997e-5,28,298
E07000092,9.92197936647433,95142,1.0428600792998182e-4,87,239
E06000017,32.01791574072903,39697,8.065575670889244e-4,291,35
E07000167,7.576344174471299,54920,1.379523702562145e-4,196,130
E08000006,217.66032616507715,254408,8.555561388206233e-4,307,19
E08000028,264.26476380831093,327378,8.072160127079735e-4,292,34
E07000168,14.360947067600518,108736,1.3207168801133496e-4,186,140
E07000188,12.66732075104315,122791,1.0316163848362786e-4,76,250
E08000014,223.89670063793122,275396,8.129991017949833e-4,299,27
E07000169,10.056579797514088,89106,1.1286086007130931e-4,139,187
E07000111,14.186979820400522,120293,1.1793686931409577e-4,159,167
E08000019,430.41402841492277,582506,7.389005922941957e-4,261,65
E07000112,15.423400949335752,112578,1.3700190933695527e-4,195,131
E06000051,232.86026277369157,320274,7.270657711012807e-4,255,71
E06000039,101.52862631019372,149112,6.808883678724295e-4,226,100
E08000029,146.21270207139852,214909,6.803470402421422e-4,225,101
E07000006,7.01006062112065,70043,1.0008224406608299e-4,58,268
E07000012,14.61106809559584,157519,9.275749652801148e-5,37,289
E07000039,10.856538440468082,104493,1.0389727963086601e-4,81,245
E06000025,191.47900596695044,282644,6.774564680904262e-4,224,102
E07000044,9.705138160414105,86221,1.1256118765050399e-4,135,191
E07000140,10.107246690370546,93980,1.0754678325569852e-4,99,227
E07000141,13.928744025206779,141853,9.819139549538451e-5,50,276
E07000031,12.199684893093307,104532,1.1670765787599307e-4,154,172
E07000149,14.857860774069893,138017,1.0765239625604015e-4,102,224
E07000155,11.273825929629519,92515,1.2185943824925168e-4,171,155
E07000179,12.051175333524677,140504,8.577104803795392e-5,22,304
E07000126,11.41407360217366,110527,1.0326955044625893e-4,77,249
E07000189,16.491739814209584,167861,9.82464051459814e-5,51,275
E07000196,7.722373909401036,112126,6.887228572678091e-5,12,314
E08000023,136.55033758204965,150265,9.087301605966103e-4,316,10
E06000045,180.90139465513954,252796,7.156022826909427e-4,248,78
E06000033,130.04504617599093,182463,7.127200921611008e-4,246,80
E09000028,291.3419402407077,317256,9.183181413139789e-4,319,7
E07000213,10.769330807593144,99334,1.0841535433580793e-4,111,215
E07000245,10.968990333132677,178881,6.132004144169966e-5,11,315
E08000013,143.00254800073162,180049,7.942423895757911e-4,285,41
E07000197,13.12154479629168,135880,9.656715334332999e-5,46,280
E07000198,8.877183713942713,98397,9.021803219552134e-5,31,295
E08000007,217.36494063152034,291775,7.449745202005667e-4,264,62
E06000004,142.9821504037895,197213,7.250138195950038e-4,253,73
E06000021,197.13287104301597,255833,7.705529429081313e-4,273,53
E07000221,14.248834991152586,127580,1.1168549138699315e-4,131,195
E07000082,13.557143240104093,119019,1.1390738655260163e-4,147,179
E07000244,13.219075871819385,248249,5.324926131351741e-5,10,316
E08000024,234.40604217019356,277417,8.449591848019175e-4,305,21
E07000214,10.618318291494367,88874,1.194760930248933e-4,166,160
E09000029,149.84373722382782,204525,7.32642646247783e-4,258,68
E07000113,15.002445755562556,148519,1.0101364643959733e-4,63,263
E06000030,146.4476965231566,221996,6.596861949006135e-4,214,112
E08000008,173.6679324263843,225197,7.711822645345379e-4,275,51
E07000199,6.752905312163539,76678,8.806835483663552e-5,25,301
E07000215,10.674343660009148,87496,1.2199807602643719e-4,172,154
E07000246,13.219262860112863,153866,8.591412566852237e-5,23,303
E07000045,14.798993882638081,132844,1.1140129687933276e-4,130,196
E06000020,127.96705383586784,177799,7.197287602060071e-4,251,75
E07000076,15.036984328160733,145803,1.031322011766612e-4,75,251
E07000093,13.735542250163299,125169,1.0973597496315621e-4,117,209
E07000083,9.17617944058672,92599,9.9095880523404365e-05,53,273
E07000114,16.640608628341806,141819,1.1733694799950504e-4,158,168
E07000102,9.745803269539728,93045,1.0474290149432778e-4,91,235
E06000034,116.02834408953161,172525,6.725306134735928e-4,220,106
E07000115,15.880283458176775,130508,1.2168053650486388e-4,170,156
E06000027,116.40361964565022,135780,8.572957699635456e-4,309,17
E07000046,8.391195189341076,68143,1.2314097103651255e-4,175,151
E09000030,282.368371093859,317705,8.887753453482288e-4,312,14
E08000009,149.69396556077993,236370,6.333035730455639e-4,210,116
E07000116,11.451573681149734,118054,9.700284345426443e-5,49,277
E07000077,10.432702183503926,89179,1.1698608622550069e-4,156,170
E07000180,13.339267998422034,133732,9.974626864491696e-5,57,269
E08000036,247.641628868749,345038,7.17722769285554e-4,250,76
E08000030,230.38161600608476,283378,8.129834214585633e-4,298,28
E09000031,206.83541285791154,276700,7.475078166169553e-4,266,60
E09000032,186.57764768802997,326474,5.714931286657742e-4,204,122
E06000007,138.75970614236698,209547,6.621889415852624e-4,216,110
E07000222,15.090434886363559,142484,1.0590968028946099e-4,94,232
E07000103,12.82120549932629,96767,1.3249563900220415e-4,187,139
E07000244,11.647128833942581,248249,4.6917122864311964e-5,9,317
E07000216,13.066338745725922,125610,1.0402307734834744e-4,84,242
E07000065,18.114116612006192,160175,1.1308953714378769e-4,141,185
E07000156,7.619931796032049,79478,9.587473006406867e-5,44,282
E06000037,117.53976937415604,158527,7.41449528308465e-4,263,63
E07000047,7.358894317801775,55528,1.32525830532376e-4,188,138
E06000059,11.33852117661047,376484,3.0116873961736674e-5,7,319
E07000127,11.86519047880998,113949,1.0412720145687966e-4,85,241
E07000142,11.219481460587343,94869,1.182628831397753e-4,160,166
E07000181,8.429515022390254,109800,7.677153936603145e-5,14,312
E07000246,4.232561460912332,153866,2.750810095090749e-5,6,320
E09000033,204.34894251474006,255324,8.003514848378533e-4,286,40
E06000059,9.090745346763311,376484,2.4146432110696104e-5,4,322
E08000010,225.18939791131575,326088,6.90578610409815e-4,230,96
E06000054,348.931557470522,498064,7.005757442226742e-4,236,90
E07000094,12.375367394899188,124295,9.956448284242477e-5,55,271
E06000040,87.1790187838834,150906,5.777041256403548e-4,205,121
E08000015,261.3770314056709,323235,8.086284944565746e-4,295,31
E07000217,13.166179510689963,101167,1.3014302599355485e-4,184,142
E06000041,118.43496791667337,167979,7.050581793954802e-4,241,85
E08000031,221.26411465685516,262008,8.4449373552279e-4,304,22
E07000237,10.360832005935693,101891,1.0168544823326588e-4,70,256
E07000229,12.894127301218129,110025,1.1719270439643834e-4,157,169
E07000238,13.193805669981694,127340,1.03610850243299e-4,80,246
E07000007,14.947874030892427,174641,8.559200892626832e-5,21,305
E07000128,12.59343861398787,111223,1.1322692800938538e-4,142,184
E07000239,11.374682324041713,101062,1.1255152603393672e-4,134,192
E06000014,125.29871830730144,209893,5.969647311120497e-4,206,120
E07000242,15.566497375186174,148105,1.05104468959091e-4,92,234
E08000037,177.23861859813584,202508,8.752178610135691e-4,310,16
E06000057,274.01424625004324,320274,8.555619446163074e-4,308,18
E07000240,14.981360524115232,147373,1.016560735284973e-4,69,257
E07000243,9.477538437912022,87754,1.0800121291236893e-4,109,217
E07000241,13.25491897537613,122746,1.0798656555306185e-4,108,218
