LSOA11CD,n
95AA02W1,492
95AA08W1,316
95AA09W1,2336
95AA11S1,1114
95AA11S2,2735
95AA15S1,1449
95AA15S2,1127
95AA16W1,1817
95AA17W1,723
95BB02W1,1925
95BB04S1,1417
95BB04S2,807
95BB06W1,2937
95BB12S1,1598
95BB13S1,1036
95BB13S2,1424
95BB13S3,1454
95BB17S1,1711
95BB17S2,1150
95BB19S1,1870
95BB19S2,355
95BB19S3,1300
95BB22S2,655
95BB23S1,901
95DD01W1,283
95DD03W1,1387
95DD04W1,1956
95DD05W1,586
95DD06W1,2576
95DD08W1,2598
95DD11W1,2552
95DD13W1,1990
95DD18W1,1875
95DD20W1,1783
95DD21W1,2307
95DD24W1,2731
95FF01S1,2206
95FF01S2,277
95FF03W1,2811
95FF07W1,2521
95FF08W1,1559
95FF16W1,907
95FF17W1,1682
95GG01S1,1653
95GG01S2,1414
95GG01S3,1577
95GG02S1,1650
95GG02S2,1934
95GG02S3,2310
95GG03S1,1994
95GG03S2,1797
95GG03S3,2105
95GG04S1,1679
95GG04S2,1592
95GG04S3,1791
95GG05S1,1787
95GG05S2,2003
95GG05S3,2183
95GG06S1,1908
95GG06S2,1809
95GG06S3,1266
95GG07S1,1839
95GG07S2,1932
95GG07S3,1640
95GG09S1,2129
95GG09S2,1847
95GG09S3,2243
95GG10S1,1964
95GG10S2,2439
95GG11S1,1960
95GG11S2,1666
95GG11S3,1837
95GG12S1,1485
95GG12S2,2346
95GG12S3,2465
95GG12S4,1935
95GG12S5,2544
95GG13S1,1342
95GG13S2,1346
95GG13S3,1632
95GG14S1,1296
95GG14S2,1549
95GG14S3,1013
95GG15S1,1957
95GG15S2,2039
95GG15S3,1958
95GG16S1,2072
95GG16S2,1918
95GG16S3,1436
95GG17S1,2246
95GG17S2,1496
95GG17S3,1759
95GG18S1,2565
95GG18S2,2535
95GG19S1,1978
95GG19S2,2830
95GG20S1,2460
95GG20S2,2191
95GG21S1,1456
95GG21S2,1724
95GG21S3,2057
95GG22S1,1681
95GG22S2,1873
95GG22S3,1693
95GG23S1,804
95GG23S2,1557
95GG23S3,1298
95GG24S1,1281
95GG24S2,1561
95GG24S3,1571
95GG25S1,2453
95GG25S2,1740
95GG25S3,1468
95GG26S1,1672
95GG26S2,1842
95GG27S1,1100
95GG27S2,1714
95GG27S3,1661
95GG27S4,1577
95GG28S1,1752
95GG28S2,1679
95GG28S3,1745
95GG29S1,2596
95GG29S2,2829
95GG30S1,1591
95GG30S2,1667
95GG30S3,1413
95GG31S1,2247
95GG31S2,1913
95GG31S3,2075
95GG32S1,1499
95GG32S2,1550
95GG32S3,1601
95GG33S1,1960
95GG33S2,1672
95GG33S3,1952
95GG34S1,1472
95GG34S2,1479
95GG34S3,1878
95GG35S1,2010
95GG35S2,1417
95GG35S3,1223
95GG36S1,1878
95GG36S2,1937
95GG36S3,1863
95GG37S1,2150
95GG37S2,1855
95GG37S3,2485
95GG38S1,3262
95GG38S2,1889
95GG38S3,1572
95GG39S1,2427
95GG39S2,2909
95GG39S3,2115
95GG40S1,2008
95GG40S2,2333
95GG41S1,945
95GG41S2,1589
95GG41S3,2116
95GG42S1,1861
95GG42S2,1827
95GG42S3,2475
95GG42S4,2322
95GG43S1,1097
95GG43S2,1782
95GG43S3,1708
95GG44S1,3093
95GG44S2,3045
95GG45S1,1286
95GG45S2,1612
95GG45S3,1687
95GG46S1,1335
95GG46S2,1763
95GG46S3,1599
95GG47S1,2697
95GG47S2,1767
95GG47S3,2051
95GG48S1,1515
95GG48S2,2433
95GG48S3,1619
95GG49S1,1688
95GG49S2,2165
95GG49S3,2082
95GG49S4,2059
95GG50S1,1624
95GG50S2,2192
95GG50S3,1932
95GG51S1,1279
95GG51S2,1366
95GG51S3,1458
95HH02S1,1275
95HH02S2,752
95HH03W1,1630
95HH04S1,1579
95HH04S2,1260
95HH05W1,2147
95HH06S2,1191
95HH07W1,1577
95HH08W1,2494
95HH09W1,2779
95HH10W1,2325
95HH11W1,1530
95HH12W1,1523
95HH13W1,1459
95HH14W1,1471
95HH15W1,2480
95HH17W1,903
95II01S1,1257
95II01S2,233
95II02S1,482
95II02S2,1702
95II02S3,1539
95II03S1,967
95II03S2,1735
95II04S1,1425
95II04S2,2135
95II07W1,2206
95II08W1,2430
95II09S1,1708
95II09S2,1392
95II10W1,2599
95II11W1,2550
95II12W1,2476
95II13W1,2828
95II14W1,1837
95II15S1,635
95II15S2,1494
95II16W1,2146
95II17W1,2535
95II18W1,1722
95II20W1,2698
95II21W1,2142
95II22W1,1335
95II23W1,2329
95JJ05W1,2315
95JJ06W1,1703
95JJ07W1,2891
95JJ15W1,1744
95JJ20S1,321
95JJ20S2,1353
95JJ22W1,1316
95LL02S1,619
95LL02S2,1938
95LL03W1,502
95LL04W1,1243
95LL05S1,829
95LL06S1,625
95LL06S2,1818
95LL07W1,2422
95LL08S1,1702
95LL08S2,1979
95LL09S1,1542
95LL09S2,1797
95LL10S1,1233
95LL13S1,270
95LL14S1,1274
95LL14S2,1243
95LL15S1,1670
95LL15S2,1609
95LL16S1,2280
95LL16S2,3038
95LL17W1,2689
95LL18S1,1388
95LL18S2,1522
95LL19S1,1443
95LL20W1,2163
95LL21W1,2052
95LL22W1,1087
95LL23W1,2327
95LL25S1,707
95LL26S1,1563
95LL26S2,2154
95MM01S1,1502
95MM01S2,1824
95MM01S3,677
95MM02S1,286
95MM02S2,924
95MM04W1,2138
95MM05W1,2360
95MM06S1,1403
95MM06S2,1231
95MM07W1,1173
95MM08S1,1293
95MM08S2,1651
95MM10S1,1471
95MM10S2,661
95MM11W1,2253
95MM12S2,1211
95MM12S3,2617
95MM13S2,1362
95MM13S3,1561
95MM13S4,583
95MM14S1,881
95MM14S2,1758
95MM16S2,1199
95MM17S1,1938
95MM17S2,1740
95MM18S2,311
95MM19S1,1462
95MM19S2,850
95MM20S1,1522
95MM20S2,1711
95MM21S2,371
95MM22S1,1222
95MM22S2,870
95MM23W1,2579
95MM24W1,2093
95MM25S1,1190
95MM25S2,1384
95MM25S4,2121
95MM26S1,1710
95MM26S2,1315
95MM27S1,1851
95MM27S2,2279
95MM28W1,2269
95MM29W1,3597
95MM30W1,2117
95NN02W1,1398
95NN04W1,2838
95NN07S1,1671
95NN07S2,274
95NN10S1,1192
95NN10S2,1568
95NN17W1,1533
95NN18S1,430
95NN21W1,2189
95QQ01W1,1467
95QQ03W1,1038
95QQ04W1,1548
95QQ05W1,838
95QQ07W1,1605
95QQ08W1,1396
95QQ09W1,1881
95QQ12W1,1854
95QQ14S1,2845
95QQ15W1,1462
95SS06S1,1278
95SS06S2,2256
95SS06S3,1896
95SS07S1,761
95SS07S2,1630
95SS07S3,1763
95SS10S1,2238
95SS10S2,2126
95SS16S1,1567
95SS16S2,1616
95SS19S1,1430
95SS19S2,1253
95SS26S1,2022
95SS26S2,1748
95SS27W1,2606
95SS29S1,1224
95SS29S2,1371
95VV02W1,2300
95VV07S1,1290
95VV10S1,814
95VV10S2,1810
95VV11S1,343
95VV11S2,510
95VV12S1,756
95VV12S2,1033
95VV14S1,2051
95VV14S2,491
95VV15S1,1379
95VV15S2,1760
95VV16W1,885
95VV24S1,1037
95VV24S2,1564
95VV27W1,2398
95VV28S1,2245
95VV28S2,1274
95VV30S1,1631
95VV30S2,1488
95WW01S1,687
95WW01S2,1325
95WW04S1,1587
95WW04S2,1196
95WW05S1,1502
95WW05S2,1301
95WW08S1,1101
95WW08S2,1294
95WW09S1,1329
95WW09S2,1319
95WW10S1,925
95WW10S2,1262
95WW11S1,328
95WW11S2,747
95WW12W1,1698
95WW15S1,803
95WW15S2,1586
95WW16S1,1607
95WW16S2,1203
95WW17W1,2258
95WW18W1,2346
95WW19S1,1745
95WW19S2,1057
95WW19S3,2252
95WW20S2,3907
95WW20S3,1901
95WW21S1,1490
95WW21S2,2076
95WW22S1,1319
95WW22S2,1629
95WW23S1,2363
95WW23S2,2326
95XX01S1,1023
95XX01S2,1794
95XX01S3,1581
95XX02W1,1963
95XX03S1,1241
95XX03S2,1061
95XX04S1,1762
95XX04S2,1806
95XX05W1,2589
95XX06S1,1945
95XX06S2,2112
95XX07S1,1364
95XX07S2,1371
95XX08S1,1269
95XX08S2,1224
95XX09S1,1429
95XX09S2,1457
95XX10S1,812
95XX10S2,1876
95XX10S3,1275
95XX11S1,1216
95XX11S2,3265
95XX11S3,1595
95XX15W1,2251
95XX17S1,1587
95XX17S2,686
95XX20S1,314
95XX21W1,2083
95XX22W1,2148
95XX23W1,3163
95XX24S1,318
95XX24S2,1430
95XX25W1,2499
95YY02W1,2013
95YY04W1,617
95YY05W1,1042
95YY09W1,1640
95YY13S2,1381
95YY14S1,1338
95YY14S2,855
95YY15S1,382
95YY15S2,1069
95YY19W1,1524
95ZZ02W1,1688
95ZZ06W1,1128
95ZZ10W1,882
95ZZ14S1,1907
95ZZ14S2,956
95ZZ16S1,1965
95ZZ16S2,1308
E01000012,716
E01000040,715
E01000043,719
E01000044,879
E01000048,622
E01000049,1918
E01000052,1908
E01000071,421
E01000089,350
E01000091,2103
E01000092,5519
E01000093,1803
E01000094,1075
E01000095,1017
E01000096,947
E01000131,577
E01000148,1249
E01000169,251
E01000184,622
E01000192,1071
E01000195,418
E01000230,433
E01000311,496
E01000335,2176
E01000336,881
E01000343,384
E01000385,379
E01000403,251
E01000404,859
E01000405,389
E01000408,518
E01000416,1709
E01000418,1996
E01000422,1690
E01000430,1300
E01000432,341
E01000434,1391
E01000447,377
E01000464,1606
E01000465,1766
E01000466,1888
E01000467,2012
E01000468,2843
E01000469,1896
E01000470,1302
E01000485,329
E01000578,703
E01000594,439
E01000596,426
E01000602,351
E01000603,631
E01000604,1375
E01000605,380
E01000622,223
E01000626,677
E01000630,549
E01000665,318
E01000667,301
E01000673,258
E01000677,933
E01000707,425
E01000708,379
E01000719,567
E01000763,727
E01000774,287
E01000777,422
E01000813,362
E01000829,400
E01000989,345
E01000994,336
E01000998,540
E01001000,596
E01001033,557
E01001037,508
E01001041,504
E01001042,1212
E01001043,325
E01001068,466
E01001071,323
E01001073,231
E01001075,297
E01001085,453
E01001086,340
E01001087,196
E01001093,359
E01001095,1219
E01001096,309
E01001097,1329
E01001099,816
E01001166,386
E01001260,420
E01001267,372
E01001375,565
E01001377,1743
E01001381,378
E01001426,632
E01001427,1368
E01001431,1049
E01001432,874
E01001445,553
E01001453,289
E01001460,525
E01001485,417
E01001486,1313
E01001491,504
E01001492,430
E01001535,327
E01001571,348
E01001575,1678
E01001576,1884
E01001577,2079
E01001578,2436
E01001579,1622
E01001629,573
E01001638,422
E01001640,3719
E01001641,703
E01001644,964
E01001657,403
E01001659,325
E01001662,1460
E01001664,1281
E01001665,1373
E01001666,541
E01001667,2279
E01001668,3481
E01001672,1637
E01001673,207
E01001674,1631
E01001687,1916
E01001688,1377
E01001690,2182
E01001692,1584
E01001693,1809
E01001694,1964
E01001709,175
E01001711,1355
E01001712,319
E01001788,622
E01001846,1324
E01001849,1474
E01001851,1394
E01001852,300
E01001853,1190
E01001854,765
E01001855,1212
E01001856,1229
E01001858,869
E01001859,1812
E01001860,371
E01001861,464
E01001862,1863
E01001863,1303
E01001864,918
E01001865,1794
E01001869,261
E01001871,263
E01001872,554
E01001873,877
E01001880,1549
E01001881,701
E01001883,1590
E01001884,1713
E01001886,1436
E01001887,1440
E01001888,1595
E01001889,1373
E01001890,1809
E01001891,2292
E01001892,1335
E01001893,1224
E01001894,1323
E01001895,1498
E01001896,1604
E01001897,1429
E01001898,1065
E01001899,1475
E01001900,1706
E01001901,686
E01001905,652
E01001906,1399
E01001907,1256
E01001908,1512
E01001909,247
E01001910,1420
E01001911,1002
E01001912,1581
E01001913,929
E01001914,1763
E01001915,1605
E01001916,1458
E01001917,1405
E01001918,901
E01001919,1599
E01001920,1164
E01001921,1570
E01001922,1659
E01001923,1585
E01001924,1764
E01001925,1759
E01001926,1486
E01001927,1484
E01001928,1445
E01001929,1316
E01001930,1536
E01001931,1286
E01001932,1656
E01001933,1308
E01001934,1803
E01001935,2083
E01001937,1950
E01001938,1545
E01001939,2792
E01001940,1512
E01001941,1009
E01001942,515
E01001947,1232
E01001948,1992
E01001949,1022
E01001950,597
E01001951,1582
E01001952,1631
E01001953,1028
E01002078,289
E01002109,627
E01002111,343
E01002150,433
E01002152,282
E01002157,516
E01002161,444
E01002172,375
E01002192,201
E01002193,437
E01002243,524
E01002245,362
E01002270,399
E01002334,280
E01002345,475
E01002346,419
E01002347,892
E01002368,414
E01002369,398
E01002377,358
E01002383,328
E01002434,355
E01002436,327
E01002458,375
E01002527,274
E01002533,265
E01002537,393
E01002538,243
E01002539,334
E01002569,1587
E01002570,1656
E01002571,1336
E01002572,1567
E01002573,1583
E01002574,1572
E01002575,1714
E01002576,1670
E01002577,1232
E01002578,1476
E01002579,558
E01002580,618
E01002581,1544
E01002582,1702
E01002667,428
E01002668,347
E01002684,933
E01002689,1621
E01002690,900
E01002693,1789
E01002840,430
E01002841,977
E01002842,882
E01002844,173
E01002897,164
E01002899,220
E01002900,688
E01002901,392
E01002902,196
E01002903,275
E01002913,510
E01002925,227
E01002964,1850
E01002966,575
E01002968,1260
E01003013,2524
E01003014,1653
E01003015,1578
E01003016,2754
E01003017,2012
E01003034,692
E01003037,1403
E01003089,385
E01003098,631
E01003099,1068
E01003101,1541
E01003102,1805
E01003104,1346
E01003105,1928
E01003106,2190
E01003107,1933
E01003108,1624
E01003109,2924
E01003110,2181
E01003111,1704
E01003112,1457
E01003122,2101
E01003129,751
E01003140,366
E01003202,603
E01003241,302
E01003244,1684
E01003245,1955
E01003246,1716
E01003247,2284
E01003248,1695
E01003249,2031
E01003250,3419
E01003251,2029
E01003252,1466
E01003253,574
E01003275,614
E01003279,309
E01003283,353
E01003284,543
E01003286,729
E01003287,1244
E01003288,469
E01003296,896
E01003297,1262
E01003298,1006
E01003299,747
E01003300,741
E01003301,320
E01003302,1620
E01003305,1731
E01003317,262
E01003338,745
E01003419,255
E01003440,727
E01003447,198
E01003466,292
E01003479,983
E01003480,2298
E01003481,675
E01003482,1819
E01003483,808
E01003484,1003
E01003485,851
E01003486,663
E01003487,1348
E01003496,1205
E01003497,1956
E01003498,792
E01003499,623
E01003500,2237
E01003501,1888
E01003502,2340
E01003503,2683
E01003506,1254
E01003507,462
E01003508,2183
E01003509,2242
E01003511,1708
E01003512,1940
E01003513,987
E01003515,1878
E01003516,253
E01003517,1197
E01003518,957
E01003519,1160
E01003535,1119
E01003536,2031
E01003538,1537
E01003540,678
E01003542,431
E01003580,1252
E01003582,936
E01003604,487
E01003609,4470
E01003611,2057
E01003619,752
E01003622,1002
E01003623,1431
E01003625,1037
E01003631,1292
E01003632,2084
E01003633,1886
E01003634,1491
E01003658,327
E01003659,681
E01003740,817
E01003760,513
E01003761,394
E01003767,511
E01003784,481
E01003788,367
E01003797,1428
E01003798,1494
E01003799,1606
E01003800,1449
E01003801,1291
E01003802,1297
E01003803,860
E01003823,226
E01003834,459
E01003835,308
E01003837,466
E01003846,1046
E01003847,420
E01003851,1638
E01003853,1503
E01003854,1466
E01003855,1205
E01003856,1172
E01003857,686
E01003865,708
E01003871,1095
E01003872,389
E01003880,314
E01003881,243
E01003891,478
E01003892,312
E01003893,605
E01003896,428
E01003916,2214
E01003917,1712
E01003918,1058
E01003920,1904
E01003923,1843
E01003924,755
E01003925,1857
E01003926,926
E01003927,3117
E01003929,1893
E01003930,1828
E01003932,1294
E01003933,1712
E01003934,2059
E01003935,1304
E01003936,1771
E01003937,1413
E01003938,1632
E01003939,1301
E01003940,1092
E01003941,1694
E01003942,1488
E01003943,1143
E01003960,2025
E01003961,2145
E01003963,477
E01003964,2330
E01003966,1921
E01003967,942
E01003968,1242
E01003969,2650
E01003970,1179
E01003971,1364
E01003972,1693
E01003973,1312
E01003974,1420
E01003975,1951
E01003976,2074
E01003977,2220
E01003978,2336
E01003979,1906
E01003980,1978
E01003981,2237
E01003983,322
E01003984,1183
E01003986,1648
E01003987,1899
E01003988,2358
E01003989,2029
E01003991,975
E01003992,1705
E01003993,1324
E01003994,1243
E01003995,1482
E01003997,1268
E01003998,1470
E01003999,1495
E01004003,1698
E01004007,898
E01004011,1549
E01004012,2505
E01004014,1671
E01004022,3877
E01004023,1903
E01004024,2226
E01004027,2661
E01004028,2770
E01004029,1191
E01004030,1541
E01004031,1757
E01004033,2726
E01004034,1807
E01004035,1499
E01004036,2356
E01004037,1544
E01004038,2816
E01004039,1711
E01004040,1952
E01004041,1734
E01004042,1807
E01004043,1500
E01004044,1500
E01004053,1548
E01004054,1647
E01004055,1333
E01004056,2117
E01004057,1964
E01004058,1796
E01004059,1745
E01004060,2243
E01004078,679
E01004148,475
E01004169,325
E01004175,359
E01004195,351
E01004214,1803
E01004215,4363
E01004216,2019
E01004217,2207
E01004218,2077
E01004219,1509
E01004221,2287
E01004243,1289
E01004244,1407
E01004245,1931
E01004249,1636
E01004250,1148
E01004254,898
E01004255,1770
E01004256,1504
E01004257,814
E01004258,1354
E01004274,2144
E01004275,2204
E01004276,2484
E01004277,1572
E01004280,2092
E01004281,2024
E01004291,2289
E01004292,1700
E01004293,2321
E01004296,2067
E01004297,1576
E01004303,519
E01004344,438
E01004382,325
E01004395,1284
E01004425,335
E01004453,593
E01004492,222
E01004509,198
E01004511,283
E01004514,308
E01004534,1839
E01004535,1789
E01004536,2629
E01004537,1907
E01004538,2171
E01004539,2084
E01004540,2081
E01004541,1677
E01004560,2133
E01004562,2624
E01004563,2269
E01004564,1787
E01004565,1721
E01004566,1737
E01004567,2532
E01004577,1992
E01004579,1646
E01004580,2100
E01004581,1875
E01004582,2270
E01004583,1935
E01004584,1785
E01004585,610
E01004590,1910
E01004591,378
E01004592,1770
E01004600,604
E01004605,561
E01004617,292
E01004665,1748
E01004667,1725
E01004668,1651
E01004669,1842
E01004731,1504
E01004732,1670
E01004733,3015
E01004736,485
E01004737,1465
E01004738,1789
E01004739,1506
E01004740,1754
E01004741,1454
E01004742,1600
E01004743,1769
E01004744,1583
E01004745,2907
E01004746,1653
E01004747,2581
E01004748,1742
E01004749,3129
E01004750,1161
E01004751,2015
E01004752,1738
E01004753,1827
E01004766,266
E01004780,289
E01004871,514
E01004993,1026
E01005022,311
E01005025,417
E01005030,819
E01005054,337
E01005078,316
E01005114,287
E01005128,520
E01005140,267
E01005262,484
E01005267,258
E01005268,305
E01005273,488
E01005278,440
E01005304,317
E01005305,379
E01005309,669
E01005441,500
E01005558,247
E01005580,420
E01005597,394
E01005610,584
E01005611,968
E01005648,488
E01005653,1549
E01005711,281
E01005777,330
E01005778,943
E01005779,356
E01005836,275
E01005843,361
E01006062,338
E01006068,192
E01006070,216
E01006102,192
E01006170,285
E01006210,315
E01006217,271
E01006224,356
E01006232,315
E01006245,288
E01006249,1047
E01006250,253
E01006269,822
E01006271,336
E01006272,331
E01006299,339
E01006305,330
E01006306,426
E01006324,243
E01006326,272
E01006328,251
E01006339,268
E01006340,574
E01006349,252
E01006355,310
E01006732,344
E01006822,311
E01006847,462
E01006910,366
E01006946,1395
E01006947,1418
E01006948,854
E01007028,1093
E01007029,1211
E01007030,1523
E01007031,1437
E01007032,945
E01007033,1384
E01007036,1254
E01007071,242
E01007073,297
E01007133,443
E01007195,949
E01007199,634
E01007200,604
E01007203,1999
E01007204,1740
E01007205,1544
E01007206,663
E01007210,1454
E01007315,636
E01007469,298
E01007470,501
E01007472,1546
E01007473,838
E01007474,987
E01007477,807
E01007484,323
E01007485,275
E01007488,181
E01007504,155
E01007506,1761
E01007508,1541
E01007509,1154
E01007510,870
E01007511,1615
E01007517,592
E01007519,327
E01007553,310
E01007554,1573
E01007555,1445
E01007556,1371
E01007557,481
E01007558,557
E01007559,744
E01007560,242
E01007562,233
E01007563,1442
E01007582,313
E01007584,388
E01007620,249
E01007621,1093
E01007622,333
E01007623,238
E01007624,1529
E01007625,988
E01007626,654
E01007627,1728
E01007628,351
E01007629,696
E01007630,557
E01007631,765
E01007632,1588
E01007633,1362
E01007634,1715
E01007635,1652
E01007636,922
E01007637,920
E01007638,629
E01007639,818
E01007640,1585
E01007641,703
E01007642,921
E01007652,375
E01007655,390
E01007656,1068
E01007864,425
E01007923,315
E01008042,391
E01008091,329
E01008135,269
E01008140,509
E01008505,393
E01008524,207
E01008539,346
E01008740,297
E01008748,308
E01008799,231
E01008899,304
E01008915,832
E01008919,729
E01008982,494
E01008996,499
E01009079,667
E01009081,365
E01009082,1073
E01009097,698
E01009099,387
E01009101,1049
E01009103,1215
E01009210,283
E01009213,318
E01009234,322
E01009239,372
E01009242,560
E01009282,461
E01009283,251
E01009296,570
E01009362,322
E01009366,912
E01009414,341
E01009449,164
E01009592,250
E01009596,277
E01009597,503
E01009599,274
E01009635,842
E01009708,346
E01009775,567
E01009948,325
E01009949,214
E01009983,208
E01010071,192
E01010072,467
E01010177,340
E01010267,551
E01010270,335
E01010273,334
E01010275,636
E01010291,654
E01010401,646
E01010403,1063
E01010404,497
E01010414,319
E01010423,231
E01010425,333
E01010437,299
E01010496,473
E01010498,1092
E01010596,300
E01010639,447
E01010700,331
E01010703,737
E01010706,126
E01010708,445
E01010770,309
E01010836,699
E01010878,345
E01010885,1199
E01010917,293
E01010919,768
E01010923,583
E01010973,312
E01010979,554
E01010983,1699
E01010984,598
E01010985,209
E01010986,1113
E01010987,1250
E01011005,343
E01011040,411
E01011063,266
E01011106,575
E01011107,737
E01011128,200
E01011149,247
E01011181,390
E01011215,308
E01011229,1468
E01011263,536
E01011270,179
E01011393,608
E01011394,355
E01011450,220
E01011464,126
E01011468,495
E01011627,211
E01011635,428
E01011704,178
E01011706,207
E01011727,327
E01011752,866
E01011774,313
E01011780,474
E01011800,270
E01011889,420
E01011898,387
E01011902,257
E01011907,785
E01011919,510
E01011920,997
E01011926,370
E01011927,235
E01011944,286
E01011974,153
E01011993,182
E01012000,438
E01012015,287
E01012076,526
E01012093,513
E01012184,284
E01012198,736
E01012245,278
E01012251,321
E01012254,269
E01012299,840
E01012311,328
E01012338,397
E01012366,119
E01012367,257
E01012387,341
E01012391,487
E01012441,198
E01012458,618
E01012473,303
E01012476,230
E01012478,1225
E01012488,254
E01012489,242
E01012490,516
E01012502,433
E01012506,335
E01012509,1030
E01012510,880
E01012511,1415
E01012517,229
E01012520,1273
E01012523,316
E01012524,1439
E01012527,254
E01012528,648
E01012536,254
E01012538,276
E01012553,276
E01012593,273
E01012655,182
E01012658,315
E01012662,1389
E01012663,1330
E01012664,1611
E01012665,1700
E01012706,466
E01012716,284
E01012717,317
E01012719,880
E01012756,1476
E01012757,1439
E01012758,1549
E01012759,1613
E01012760,1534
E01012761,1960
E01012762,1454
E01012763,1952
E01012764,1120
E01012765,1371
E01012766,1359
E01012767,1677
E01012768,1303
E01012769,1244
E01012770,1163
E01012771,1432
E01012772,1536
E01012773,1582
E01012774,1508
E01012775,1532
E01012776,1371
E01012777,1540
E01012784,1139
E01012785,1311
E01012786,1157
E01012788,874
E01012789,1315
E01012791,1559
E01012792,1495
E01012793,1275
E01012794,1582
E01012795,2012
E01012796,1257
E01012797,1262
E01012798,1625
E01012799,1174
E01012800,1201
E01012801,1402
E01012802,1284
E01012803,1400
E01012804,1615
E01012805,1427
E01012806,1441
E01012807,1302
E01012808,1641
E01012809,1825
E01012810,857
E01012811,1651
E01012812,1340
E01012813,1553
E01012814,1474
E01012815,1566
E01012816,1344
E01012817,1412
E01012818,1227
E01012819,1386
E01012820,1301
E01012821,349
E01012822,626
E01012823,602
E01012824,1071
E01012825,1375
E01012826,1510
E01012827,1516
E01012828,1473
E01012829,1814
E01012830,1369
E01012832,553
E01012833,1531
E01012834,1684
E01012835,775
E01012836,1433
E01012837,1636
E01012838,1564
E01012839,665
E01012840,1549
E01012841,1586
E01012842,1616
E01012843,1494
E01012844,1327
E01012845,1620
E01012846,1387
E01012847,1400
E01012848,2088
E01012849,1582
E01012850,1941
E01012851,2453
E01012852,1788
E01012854,2151
E01012855,1837
E01012856,1773
E01012857,1703
E01012858,1876
E01012859,1460
E01012860,2490
E01012862,1306
E01012863,2067
E01012864,1779
E01012865,1242
E01012866,1575
E01012867,1920
E01012868,1827
E01012869,1755
E01012870,1723
E01012871,1732
E01012872,1899
E01012873,1492
E01012874,1569
E01012875,1579
E01012876,1785
E01012877,1604
E01012878,1580
E01012879,1421
E01012880,1723
E01012881,1551
E01012882,1537
E01012883,1439
E01012884,1783
E01012886,1516
E01012887,1454
E01012888,1556
E01012889,1547
E01012891,2320
E01012892,2000
E01012893,1556
E01012894,1789
E01012895,1587
E01012896,2045
E01012897,759
E01012898,1626
E01012899,1489
E01012900,1654
E01012901,1408
E01012902,1459
E01012903,1597
E01012904,319
E01012905,1267
E01012906,1293
E01012907,476
E01012908,817
E01012909,1190
E01012910,1193
E01012911,854
E01012912,1660
E01012913,2132
E01012914,2407
E01012915,1403
E01012916,1512
E01012917,1650
E01012918,1562
E01012923,155
E01012924,297
E01012953,491
E01012954,329
E01012955,446
E01012956,598
E01012957,428
E01012959,1471
E01012960,391
E01012962,412
E01012964,1678
E01012967,587
E01012973,1075
E01012990,413
E01012991,346
E01012993,1429
E01012994,1871
E01012995,2073
E01012996,1728
E01012997,1991
E01012998,2282
E01012999,1949
E01013000,2194
E01013001,1826
E01013002,1838
E01013003,1486
E01013004,1785
E01013006,1557
E01013008,1357
E01013009,482
E01013010,760
E01013011,268
E01013013,609
E01013014,511
E01013015,743
E01013016,644
E01013017,340
E01013018,1986
E01013019,553
E01013020,391
E01013021,1396
E01013026,1692
E01013027,251
E01013028,311
E01013031,259
E01013032,697
E01013033,626
E01013039,639
E01013050,226
E01013054,299
E01013056,239
E01013058,295
E01013060,383
E01013064,352
E01013065,515
E01013066,598
E01013067,265
E01013069,252
E01013070,866
E01013072,1380
E01013073,298
E01013074,1184
E01013076,990
E01013081,494
E01013086,441
E01013094,1092
E01013095,1545
E01013096,1862
E01013097,1385
E01013098,2268
E01013099,1398
E01013100,1612
E01013101,1723
E01013103,532
E01013104,301
E01013106,261
E01013124,312
E01013133,502
E01013136,1396
E01013137,850
E01013138,1382
E01013139,1522
E01013140,1469
E01013141,1793
E01013142,1765
E01013143,1412
E01013144,674
E01013146,850
E01013147,1121
E01013149,264
E01013151,1237
E01013152,245
E01013155,260
E01013158,1299
E01013159,1506
E01013160,1126
E01013161,1448
E01013162,991
E01013163,240
E01013164,331
E01013165,1362
E01013167,259
E01013173,418
E01013174,1564
E01013176,1410
E01013177,1316
E01013179,852
E01013181,1166
E01013182,548
E01013184,638
E01013187,338
E01013188,911
E01013195,1469
E01013196,1351
E01013197,1221
E01013198,1406
E01013199,583
E01013200,1195
E01013201,1537
E01013202,1596
E01013203,1697
E01013211,930
E01013218,1351
E01013219,1419
E01013220,1553
E01013221,1813
E01013222,1549
E01013231,1503
E01013233,1055
E01013234,1236
E01013240,1508
E01013245,1525
E01013246,1623
E01013247,812
E01013249,1401
E01013250,185
E01013252,411
E01013253,1399
E01013254,1507
E01013255,943
E01013256,997
E01013268,290
E01013272,274
E01013274,226
E01013286,1675
E01013287,1478
E01013289,1472
E01013302,348
E01013303,934
E01013305,228
E01013323,388
E01013324,133
E01013329,358
E01013334,334
E01013340,364
E01013344,366
E01013348,276
E01013353,291
E01013390,586
E01013399,311
E01013418,291
E01013420,501
E01013437,374
E01013450,291
E01013479,834
E01013513,339
E01013523,1051
E01013525,1671
E01013526,236
E01013535,387
E01013536,655
E01013538,335
E01013541,245
E01013554,235
E01013582,283
E01013605,340
E01013654,580
E01013655,1529
E01013656,996
E01013658,941
E01013659,391
E01013681,1039
E01013683,384
E01013684,808
E01013687,654
E01013688,1022
E01013713,239
E01013715,963
E01013716,1744
E01013717,200
E01013718,794
E01013719,1605
E01013720,988
E01013734,468
E01013747,348
E01013750,368
E01013758,381
E01013770,775
E01013783,334
E01013786,299
E01013793,303
E01013831,362
E01013870,947
E01013871,301
E01013872,673
E01013873,2131
E01013874,1158
E01013876,526
E01013880,276
E01013885,340
E01013895,854
E01013901,1549
E01013902,1898
E01013915,288
E01013920,285
E01013926,360
E01013928,1888
E01013944,440
E01013953,330
E01013964,310
E01013976,290
E01014010,390
E01014013,291
E01014021,267
E01014025,382
E01014033,277
E01014041,337
E01014042,1408
E01014052,412
E01014073,652
E01014074,476
E01014084,223
E01014086,340
E01014113,394
E01014131,252
E01014139,562
E01014204,333
E01014207,291
E01014213,249
E01014230,235
E01014236,505
E01014240,265
E01014282,747
E01014293,665
E01014306,350
E01014308,265
E01014309,295
E01014339,347
E01014345,379
E01014346,276
E01014347,507
E01014349,337
E01014350,553
E01014370,231
E01014371,140
E01014375,315
E01014407,677
E01014467,225
E01014486,317
E01014496,1369
E01014499,663
E01014527,219
E01014528,356
E01014535,413
E01014540,1128
E01014600,341
E01014688,424
E01014692,780
E01014695,256
E01014745,257
E01014750,1141
E01014751,1693
E01014752,972
E01014753,1494
E01014756,1564
E01014757,1389
E01014760,1396
E01014761,1587
E01014762,1423
E01014763,1826
E01014765,767
E01014769,559
E01014770,184
E01014773,1769
E01014774,1209
E01014786,275
E01014787,295
E01014792,1905
E01014799,1662
E01014800,1448
E01014803,969
E01014804,276
E01014807,221
E01014808,1182
E01014809,1990
E01014810,2800
E01014811,1761
E01014812,1424
E01014813,1762
E01014816,323
E01014817,823
E01014820,1149
E01014821,1145
E01014822,609
E01014823,1282
E01014824,288
E01014825,936
E01014826,1487
E01014827,1387
E01014828,1305
E01014829,1507
E01014830,944
E01014831,1333
E01014832,1461
E01014833,1566
E01014834,1413
E01014835,1461
E01014836,1494
E01014838,1442
E01014839,1549
E01014840,1331
E01014841,134
E01014842,271
E01014844,214
E01014853,300
E01014858,1448
E01014859,305
E01014865,272
E01014879,532
E01014887,288
E01014953,2112
E01014954,1592
E01014962,563
E01014963,454
E01014990,292
E01015018,590
E01015019,245
E01015045,313
E01015056,194
E01015116,302
E01015135,368
E01015137,400
E01015180,273
E01015212,259
E01015225,607
E01015228,215
E01015232,658
E01015244,533
E01015253,464
E01015266,268
E01015298,276
E01015341,130
E01015406,344
E01015471,178
E01015473,247
E01015481,653
E01015509,402
E01015512,361
E01015513,270
E01015611,295
E01015617,706
E01015618,358
E01015621,310
E01015630,523
E01015633,347
E01015674,505
E01015841,1171
E01015842,618
E01015883,555
E01015889,256
E01015890,257
E01015891,1511
E01015892,1085
E01015894,543
E01015947,511
E01015948,190
E01015949,1374
E01015951,788
E01015952,1569
E01015953,1969
E01015954,893
E01015955,715
E01015956,194
E01015962,708
E01015969,826
E01016003,2314
E01016004,1800
E01016005,1726
E01016006,1969
E01016007,1819
E01016008,1507
E01016009,1751
E01016010,1529
E01016011,983
E01016012,970
E01016013,906
E01016014,1943
E01016027,540
E01016028,292
E01016061,375
E01016063,758
E01016074,561
E01016095,389
E01016102,410
E01016110,426
E01016112,3113
E01016136,793
E01016140,474
E01016186,787
E01016201,146
E01016255,282
E01016264,188
E01016301,548
E01016303,311
E01016311,877
E01016315,291
E01016316,301
E01016346,616
E01016347,714
E01016348,619
E01016355,537
E01016362,267
E01016363,1089
E01016365,1020
E01016366,676
E01016367,436
E01016391,402
E01016444,399
E01016446,385
E01016449,393
E01016453,270
E01016463,764
E01016467,278
E01016469,438
E01016471,624
E01016473,1726
E01016477,1558
E01016478,1094
E01016482,363
E01016494,555
E01016515,207
E01016516,881
E01016517,639
E01016518,453
E01016531,388
E01016532,504
E01016539,762
E01016544,244
E01016545,166
E01016547,1188
E01016565,1579
E01016566,1496
E01016567,1285
E01016569,534
E01016575,1301
E01016576,1781
E01016577,959
E01016579,355
E01016582,351
E01016583,1577
E01016584,812
E01016585,1684
E01016586,930
E01016587,1187
E01016588,1388
E01016589,690
E01016591,1830
E01016625,387
E01016628,457
E01016705,556
E01016745,309
E01016787,351
E01016790,377
E01016794,313
E01016802,223
E01016957,1349
E01017015,645
E01017016,290
E01017020,1263
E01017046,1651
E01017054,541
E01017055,766
E01017056,651
E01017057,1466
E01017058,2019
E01017059,908
E01017060,1180
E01017066,1459
E01017071,1417
E01017072,456
E01017073,1983
E01017085,939
E01017089,1585
E01017090,1486
E01017091,698
E01017121,1707
E01017122,705
E01017123,1493
E01017125,246
E01017126,1137
E01017127,269
E01017131,641
E01017135,175
E01017138,266
E01017142,520
E01017151,602
E01017154,1299
E01017228,322
E01017298,365
E01017305,210
E01017307,394
E01017326,177
E01017331,663
E01017335,198
E01017379,224
E01017495,292
E01017516,2441
E01017540,620
E01017545,382
E01017630,317
E01017653,308
E01017699,270
E01017712,1090
E01017714,165
E01017729,279
E01017792,288
E01017823,239
E01017833,501
E01017849,262
E01017859,577
E01017878,226
E01017892,228
E01017896,322
E01017897,639
E01017898,289
E01017910,295
E01017930,331
E01017939,332
E01017986,2399
E01018010,133
E01018020,394
E01018024,835
E01018036,139
E01018041,132
E01018044,883
E01018045,322
E01018050,270
E01018056,144
E01018059,461
E01018060,1416
E01018063,915
E01018064,352
E01018065,151
E01018068,735
E01018076,502
E01018086,336
E01018087,748
E01018090,611
E01018091,1255
E01018092,313
E01018093,2208
E01018094,1496
E01018095,562
E01018096,1173
E01018097,504
E01018099,290
E01018107,1752
E01018108,2283
E01018109,1032
E01018113,446
E01018118,295
E01018119,130
E01018129,291
E01018131,635
E01018132,349
E01018150,333
E01018153,595
E01018156,502
E01018157,2038
E01018166,1315
E01018168,1441
E01018171,264
E01018172,399
E01018185,350
E01018187,1021
E01018193,279
E01018202,1169
E01018203,1597
E01018204,330
E01018205,1481
E01018209,171
E01018222,323
E01018227,573
E01018228,200
E01018233,489
E01018237,397
E01018241,279
E01018257,526
E01018284,696
E01018285,637
E01018291,323
E01018330,418
E01018331,686
E01018335,300
E01018352,576
E01018444,301
E01018494,289
E01018667,280
E01018714,706
E01018751,237
E01018762,138
E01018776,370
E01018780,665
E01018782,302
E01018785,123
E01018809,256
E01018816,248
E01018828,226
E01018844,421
E01018885,510
E01018892,639
E01018925,794
E01018937,305
E01018945,322
E01018948,364
E01018976,519
E01018981,433
E01018984,198
E01018985,417
E01018988,670
E01018989,668
E01018996,268
E01019001,245
E01019026,317
E01019035,232
E01019038,215
E01019040,216
E01019044,272
E01019050,519
E01019057,571
E01019058,396
E01019088,568
E01019092,331
E01019100,773
E01019103,262
E01019104,506
E01019105,301
E01019107,322
E01019115,327
E01019135,305
E01019150,244
E01019172,310
E01019177,676
E01019196,381
E01019201,274
E01019204,254
E01019205,350
E01019215,332
E01019216,1295
E01019217,1077
E01019228,439
E01019235,881
E01019237,501
E01019264,447
E01019272,582
E01019283,480
E01019306,192
E01019309,204
E01019317,156
E01019336,242
E01019343,424
E01019350,726
E01019351,149
E01019358,348
E01019359,234
E01019360,184
E01019365,597
E01019374,303
E01019376,288
E01019386,272
E01019389,908
E01019415,356
E01019419,371
E01019426,612
E01019477,452
E01019593,301
E01019596,233
E01019598,314
E01019599,257
E01019600,270
E01019601,184
E01019603,340
E01019607,205
E01019609,128
E01019611,112
E01019623,439
E01019626,274
E01019630,238
E01019647,1167
E01019649,492
E01019671,693
E01019675,1654
E01019676,1466
E01019677,1470
E01019678,1746
E01019679,626
E01019680,968
E01019681,1111
E01019682,1090
E01019697,1178
E01019698,1364
E01019699,1622
E01019700,2268
E01019705,1889
E01019706,1303
E01019707,241
E01019709,1050
E01019734,293
E01019757,249
E01019774,589
E01019815,569
E01019832,846
E01019834,582
E01019845,1320
E01019846,1384
E01019866,346
E01019873,1268
E01019887,268
E01019893,1044
E01019895,206
E01019900,299
E01019903,611
E01019916,254
E01019917,354
E01019918,1417
E01019919,1717
E01019924,329
E01019927,272
E01019937,325
E01019942,453
E01019945,387
E01019947,561
E01019951,221
E01019955,314
E01019956,444
E01019961,621
E01019962,392
E01019965,547
E01019969,293
E01019971,1678
E01019972,1471
E01019973,508
E01019982,303
E01019983,361
E01019985,471
E01019991,263
E01019992,292
E01020002,640
E01020016,227
E01020017,1476
E01020027,283
E01020029,922
E01020030,1978
E01020031,1395
E01020032,1571
E01020036,324
E01020047,270
E01020050,276
E01020052,221
E01020055,272
E01020058,461
E01020065,359
E01020066,377
E01020068,294
E01020074,262
E01020075,507
E01020078,1045
E01020079,528
E01020081,559
E01020090,321
E01020093,254
E01020094,283
E01020096,889
E01020112,292
E01020113,323
E01020117,601
E01020118,306
E01020121,293
E01020124,394
E01020130,661
E01020131,429
E01020132,1070
E01020134,606
E01020139,596
E01020152,185
E01020158,336
E01020159,311
E01020167,485
E01020170,212
E01020172,200
E01020180,504
E01020183,463
E01020195,276
E01020196,288
E01020217,1028
E01020218,1036
E01020221,354
E01020228,236
E01020229,456
E01020241,180
E01020244,542
E01020245,325
E01020249,237
E01020253,312
E01020255,808
E01020256,290
E01020260,724
E01020261,329
E01020269,1153
E01020273,620
E01020281,944
E01020282,1289
E01020291,497
E01020298,330
E01020314,305
E01020317,340
E01020318,283
E01020324,302
E01020326,551
E01020330,225
E01020339,288
E01020342,591
E01020364,226
E01020365,606
E01020366,330
E01020367,386
E01020368,217
E01020389,586
E01020396,184
E01020410,228
E01020428,135
E01020430,399
E01020432,539
E01020433,429
E01020438,257
E01020442,377
E01020447,394
E01020458,294
E01020465,235
E01020467,279
E01020480,232
E01020482,365
E01020498,261
E01020502,155
E01020503,499
E01020504,334
E01020507,253
E01020510,310
E01020517,219
E01020533,530
E01020539,509
E01020546,447
E01020549,900
E01020554,510
E01020555,1496
E01020559,363
E01020579,201
E01020864,278
E01020881,451
E01020890,305
E01020895,246
E01020897,475
E01020904,512
E01020905,275
E01020910,668
E01020913,1580
E01020914,1195
E01020915,1802
E01020926,263
E01020928,254
E01020951,297
E01020952,348
E01020953,559
E01020954,1835
E01020955,220
E01020956,1632
E01020957,359
E01020959,1498
E01020960,2516
E01020961,1432
E01020962,1557
E01020975,257
E01020980,241
E01020985,606
E01021009,262
E01021016,370
E01021033,730
E01021035,300
E01021039,296
E01021045,511
E01021047,342
E01021071,852
E01021078,390
E01021079,319
E01021091,449
E01021094,239
E01021101,273
E01021102,1198
E01021103,862
E01021110,231
E01021117,585
E01021118,537
E01021119,1162
E01021125,176
E01021147,344
E01021207,1355
E01021211,1315
E01021249,334
E01021356,319
E01021373,202
E01021387,234
E01021407,368
E01021411,260
E01021430,258
E01021446,1031
E01021484,1331
E01021485,1310
E01021486,1356
E01021487,1357
E01021488,1461
E01021489,1308
E01021490,1464
E01021491,1648
E01021492,1767
E01021493,1477
E01021494,1471
E01021495,2049
E01021496,1448
E01021497,1511
E01021498,1633
E01021499,1631
E01021500,2117
E01021501,1513
E01021502,2174
E01021503,1390
E01021504,1530
E01021505,1500
E01021506,1328
E01021507,1639
E01021508,1276
E01021522,590
E01021582,527
E01021613,452
E01021644,303
E01021646,511
E01021647,660
E01021650,464
E01021657,526
E01021662,558
E01021706,184
E01021738,861
E01021754,292
E01021784,351
E01021791,319
E01021792,287
E01021794,271
E01021798,245
E01021799,339
E01021801,815
E01021807,296
E01021817,296
E01021818,328
E01021830,268
E01021879,271
E01021880,985
E01021885,1077
E01021886,1295
E01021887,2196
E01021890,319
E01021904,482
E01021915,402
E01021917,393
E01021921,916
E01021923,381
E01021942,296
E01021980,389
E01021988,2110
E01021990,1382
E01021997,1454
E01021998,1255
E01022005,274
E01022020,240
E01022033,252
E01022036,312
E01022046,361
E01022054,329
E01022056,236
E01022094,322
E01022111,277
E01022116,602
E01022127,385
E01022159,331
E01022175,209
E01022179,289
E01022194,471
E01022195,243
E01022198,260
E01022210,260
E01022212,258
E01022213,320
E01022216,466
E01022233,314
E01022262,397
E01022263,530
E01022266,346
E01022288,284
E01022289,677
E01022293,357
E01022301,379
E01022310,616
E01022316,701
E01022332,405
E01022341,369
E01022347,248
E01022360,309
E01022387,249
E01022396,319
E01022397,752
E01022400,277
E01022423,601
E01022440,258
E01022442,326
E01022462,117
E01022467,336
E01022495,323
E01022514,369
E01022533,382
E01022534,334
E01022573,296
E01022624,375
E01022643,268
E01022648,158
E01022657,459
E01022658,427
E01022661,668
E01022664,357
E01022678,464
E01022682,300
E01022685,447
E01022695,988
E01022702,373
E01022704,290
E01022706,356
E01022707,327
E01022713,441
E01022715,268
E01022717,289
E01022723,249
E01022737,235
E01022761,345
E01022764,538
E01022772,262
E01022782,376
E01022792,397
E01022817,333
E01022818,291
E01022833,379
E01022843,230
E01022850,643
E01022851,611
E01022855,296
E01022859,297
E01022861,322
E01022865,302
E01022868,322
E01022869,210
E01022871,670
E01022876,335
E01022894,334
E01022896,330
E01022900,325
E01022901,339
E01022910,281
E01022916,341
E01022926,230
E01022936,623
E01022941,1166
E01022967,326
E01022968,361
E01022987,319
E01023000,293
E01023001,351
E01023011,156
E01023026,294
E01023041,567
E01023044,293
E01023049,1219
E01023050,563
E01023121,365
E01023150,332
E01023153,309
E01023163,362
E01023211,822
E01023212,333
E01023225,352
E01023228,607
E01023231,385
E01023233,455
E01023234,330
E01023235,730
E01023238,314
E01023280,247
E01023286,263
E01023299,641
E01023300,347
E01023323,232
E01023338,610
E01023344,227
E01023361,230
E01023424,441
E01023432,612
E01023477,195
E01023478,360
E01023479,339
E01023493,559
E01023504,331
E01023539,327
E01023547,400
E01023554,1090
E01023576,369
E01023578,692
E01023579,471
E01023598,118
E01023600,291
E01023708,353
E01023748,343
E01023749,325
E01023850,230
E01023852,292
E01023938,1023
E01023988,348
E01024002,685
E01024006,379
E01024036,348
E01024039,691
E01024053,568
E01024054,357
E01024061,390
E01024069,1112
E01024070,432
E01024072,269
E01024078,1089
E01024081,179
E01024089,289
E01024094,356
E01024108,590
E01024109,262
E01024120,237
E01024124,239
E01024172,316
E01024174,369
E01024180,933
E01024182,578
E01024227,812
E01024229,1338
E01024230,145
E01024239,304
E01024242,537
E01024244,656
E01024245,268
E01024293,392
E01024294,1930
E01024296,360
E01024377,814
E01024378,292
E01024379,766
E01024380,403
E01024403,146
E01024416,241
E01024420,352
E01024430,275
E01024431,320
E01024452,251
E01024485,346
E01024486,2072
E01024487,1243
E01024488,1394
E01024489,1742
E01024493,825
E01024502,744
E01024504,505
E01024507,346
E01024522,303
E01024524,245
E01024525,681
E01024527,597
E01024529,1496
E01024530,1569
E01024531,1149
E01024534,638
E01024535,392
E01024538,413
E01024540,373
E01024548,900
E01024549,1265
E01024551,374
E01024554,170
E01024565,372
E01024567,556
E01024576,526
E01024583,595
E01024584,954
E01024585,554
E01024587,902
E01024592,342
E01024594,388
E01024596,1219
E01024598,349
E01024599,321
E01024601,236
E01024603,297
E01024608,473
E01024609,1350
E01024610,1850
E01024611,1876
E01024612,1692
E01024613,1686
E01024614,1652
E01024615,1545
E01024616,1771
E01024619,914
E01024627,871
E01024719,738
E01024730,368
E01024732,522
E01024737,582
E01024742,684
E01024743,680
E01024744,130
E01024749,333
E01024752,698
E01024755,148
E01024756,376
E01024761,668
E01024766,1734
E01024798,426
E01024805,456
E01024813,409
E01024814,638
E01024855,817
E01024864,264
E01024874,180
E01024950,270
E01024975,1851
E01024976,1039
E01025020,1263
E01025021,1251
E01025022,556
E01025031,568
E01025039,286
E01025054,511
E01025075,576
E01025076,263
E01025099,366
E01025100,209
E01025101,637
E01025106,345
E01025107,646
E01025151,224
E01025167,245
E01025168,277
E01025171,580
E01025176,1297
E01025179,280
E01025183,423
E01025200,309
E01025201,320
E01025242,328
E01025289,820
E01025290,280
E01025291,1217
E01025304,508
E01025320,529
E01025346,310
E01025347,338
E01025351,311
E01025357,839
E01025360,290
E01025378,313
E01025390,245
E01025393,313
E01025399,290
E01025401,233
E01025405,266
E01025448,1400
E01025457,778
E01025458,339
E01025460,279
E01025472,383
E01025497,292
E01025499,224
E01025507,1035
E01025508,1496
E01025509,1203
E01025512,294
E01025531,235
E01025541,1957
E01025542,1099
E01025543,1469
E01025544,1009
E01025545,215
E01025547,191
E01025553,313
E01025561,292
E01025562,353
E01025563,657
E01025564,874
E01025570,364
E01025573,1319
E01025574,1332
E01025575,722
E01025576,2072
E01025577,775
E01025578,1295
E01025579,1393
E01025580,302
E01025582,1031
E01025584,155
E01025585,1823
E01025586,1559
E01025587,1481
E01025588,1056
E01025589,947
E01025590,648
E01025594,1548
E01025595,350
E01025596,2076
E01025597,1149
E01025601,1369
E01025602,1589
E01025603,955
E01025604,1131
E01025605,533
E01025608,615
E01025655,356
E01025667,274
E01025696,694
E01025697,106
E01025703,1159
E01025705,1278
E01025706,952
E01025720,1478
E01025722,286
E01025732,327
E01025748,252
E01025761,444
E01025770,114
E01025781,334
E01025800,524
E01025885,690
E01025903,237
E01025915,296
E01025916,195
E01025925,1328
E01025960,255
E01025978,730
E01026006,3016
E01026007,1112
E01026008,1507
E01026009,1182
E01026010,1553
E01026011,3216
E01026012,1153
E01026013,1461
E01026014,1938
E01026015,1624
E01026016,1007
E01026017,1560
E01026018,1685
E01026019,2877
E01026020,2536
E01026021,1645
E01026022,2299
E01026023,1455
E01026024,2082
E01026025,2509
E01026026,2073
E01026027,1959
E01026028,1989
E01026029,3006
E01026030,2620
E01026031,1497
E01026032,2483
E01026033,1249
E01026034,320
E01026035,2388
E01026036,1881
E01026037,1596
E01026038,1406
E01026039,1165
E01026040,1340
E01026041,1368
E01026046,997
E01026047,222
E01026048,1520
E01026049,1551
E01026050,1507
E01026052,536
E01026053,1193
E01026054,400
E01026056,843
E01026057,2025
E01026069,1933
E01026072,1660
E01026073,1865
E01026074,2143
E01026076,1270
E01026079,1296
E01026080,164
E01026082,313
E01026083,1868
E01026084,1643
E01026085,2296
E01026092,1428
E01026093,1385
E01026094,1998
E01026095,637
E01026096,1292
E01026097,1529
E01026098,829
E01026099,1015
E01026102,756
E01026103,2166
E01026104,2189
E01026107,918
E01026109,2116
E01026110,885
E01026111,1543
E01026112,389
E01026114,1570
E01026115,1758
E01026116,1634
E01026126,834
E01026133,1289
E01026135,1389
E01026176,1313
E01026177,1629
E01026179,579
E01026183,573
E01026199,546
E01026210,317
E01026227,590
E01026228,260
E01026232,319
E01026240,750
E01026241,1402
E01026242,311
E01026244,366
E01026245,1904
E01026246,2400
E01026247,832
E01026248,2194
E01026249,517
E01026250,1320
E01026251,1916
E01026252,1829
E01026253,1760
E01026254,1378
E01026255,1950
E01026256,1588
E01026257,2084
E01026258,1984
E01026259,1388
E01026260,2156
E01026262,1390
E01026263,2349
E01026264,1777
E01026265,1425
E01026266,2205
E01026267,3113
E01026268,2042
E01026269,2140
E01026270,2191
E01026271,1840
E01026272,1489
E01026273,1789
E01026274,3294
E01026275,2472
E01026276,1705
E01026277,1783
E01026278,1404
E01026279,1443
E01026280,1273
E01026281,337
E01026282,320
E01026283,594
E01026284,546
E01026285,566
E01026286,891
E01026290,276
E01026296,509
E01026316,331
E01026335,293
E01026364,305
E01026366,875
E01026372,218
E01026373,202
E01026378,1467
E01026379,291
E01026381,1413
E01026382,591
E01026383,528
E01026384,1438
E01026389,609
E01026392,643
E01026393,247
E01026403,526
E01026405,540
E01026408,1372
E01026409,465
E01026410,930
E01026411,354
E01026440,258
E01026502,98
E01026503,718
E01026593,359
E01026594,1150
E01026595,1166
E01026596,1270
E01026597,634
E01026599,939
E01026600,900
E01026622,618
E01026625,207
E01026626,810
E01026631,599
E01026633,1945
E01026634,1654
E01026635,2396
E01026639,326
E01026640,1231
E01026641,256
E01026643,366
E01026646,302
E01026647,2151
E01026650,294
E01026652,186
E01026659,282
E01026662,799
E01026666,624
E01026667,1427
E01026668,1662
E01026669,581
E01026670,1648
E01026675,350
E01026678,493
E01026679,453
E01026684,389
E01026687,1795
E01026688,1670
E01026689,1657
E01026690,1575
E01026693,890
E01026696,1186
E01026697,1047
E01026698,1551
E01026699,1157
E01026700,375
E01026704,1920
E01026705,1797
E01026706,1913
E01026711,1540
E01026712,1655
E01026713,1731
E01026714,380
E01026716,1016
E01026717,1535
E01026719,2009
E01026720,756
E01026721,1026
E01026722,1003
E01026726,2133
E01026740,274
E01026744,238
E01026782,151
E01026783,803
E01026785,959
E01026786,1155
E01026873,405
E01026897,375
E01026904,202
E01026912,366
E01026915,225
E01027025,373
E01027032,315
E01027140,722
E01027151,807
E01027238,305
E01027241,561
E01027273,382
E01027308,504
E01027353,218
E01027365,217
E01027372,216
E01027373,247
E01027375,340
E01027452,572
E01027453,315
E01027458,401
E01027464,196
E01027465,509
E01027472,216
E01027476,332
E01027479,278
E01027503,240
E01027504,166
E01027513,241
E01027562,426
E01027563,307
E01027568,296
E01027571,185
E01027581,1497
E01027582,243
E01027583,1038
E01027590,574
E01027593,421
E01027599,179
E01027607,286
E01027609,146
E01027610,586
E01027612,298
E01027625,286
E01027626,336
E01027635,492
E01027643,260
E01027647,233
E01027672,565
E01027684,146
E01027685,727
E01027702,252
E01027706,267
E01027707,336
E01027743,520
E01027745,185
E01027748,813
E01027751,343
E01027756,455
E01027775,279
E01027776,198
E01027779,318
E01027785,104
E01027789,699
E01027790,311
E01027800,289
E01027802,317
E01027803,362
E01027813,121
E01027814,96
E01027856,250
E01027857,251
E01027865,270
E01027875,366
E01027876,659
E01027878,1299
E01027882,773
E01027883,453
E01027884,860
E01027885,779
E01027886,862
E01027887,267
E01027888,277
E01027890,318
E01027894,350
E01027902,404
E01027905,1787
E01027906,216
E01027907,261
E01027908,236
E01027909,1607
E01027910,1756
E01027911,673
E01027927,330
E01027928,392
E01027929,278
E01027932,350
E01027933,323
E01028006,437
E01028020,872
E01028022,509
E01028032,321
E01028033,137
E01028039,355
E01028041,219
E01028062,341
E01028068,707
E01028069,906
E01028070,1077
E01028073,458
E01028074,310
E01028075,1018
E01028080,1898
E01028081,1148
E01028082,917
E01028083,1271
E01028086,468
E01028126,327
E01028133,264
E01028168,608
E01028171,350
E01028175,273
E01028178,344
E01028184,1152
E01028185,789
E01028186,1368
E01028187,1513
E01028188,1196
E01028210,135
E01028213,609
E01028290,265
E01028310,787
E01028311,793
E01028312,297
E01028317,216
E01028326,529
E01028330,455
E01028332,1108
E01028345,289
E01028352,419
E01028353,188
E01028354,1513
E01028355,1076
E01028356,246
E01028363,734
E01028365,1197
E01028375,448
E01028376,311
E01028378,265
E01028384,1802
E01028385,1522
E01028386,372
E01028392,501
E01028396,190
E01028398,1551
E01028399,1474
E01028408,298
E01028415,296
E01028416,1518
E01028417,1670
E01028418,1487
E01028421,352
E01028438,388
E01028468,358
E01028488,565
E01028493,731
E01028499,374
E01028511,420
E01028521,206
E01028541,1420
E01028542,974
E01028544,198
E01028548,1334
E01028549,540
E01028551,334
E01028565,271
E01028599,554
E01028600,286
E01028603,370
E01028610,335
E01028629,341
E01028661,270
E01028682,311
E01028684,276
E01028695,333
E01028703,658
E01028724,291
E01028754,308
E01028756,237
E01028767,293
E01028807,276
E01028814,275
E01028834,426
E01028851,328
E01028856,354
E01028859,335
E01028861,470
E01028862,341
E01028867,362
E01028875,342
E01028886,281
E01028910,392
E01028912,339
E01028913,1134
E01028932,721
E01028938,472
E01028962,233
E01028978,384
E01028997,436
E01028998,659
E01029004,251
E01029027,176
E01029053,520
E01029056,218
E01029061,425
E01029089,1929
E01029090,3035
E01029091,1588
E01029092,1453
E01029093,1638
E01029094,1892
E01029095,1750
E01029096,1491
E01029097,276
E01029098,1363
E01029101,563
E01029106,1749
E01029107,1616
E01029108,2000
E01029109,1445
E01029110,1904
E01029111,227
E01029112,179
E01029113,319
E01029114,904
E01029115,1553
E01029116,288
E01029117,1291
E01029118,1659
E01029119,1527
E01029120,1420
E01029121,185
E01029127,229
E01029128,490
E01029129,513
E01029131,2320
E01029132,1580
E01029133,1356
E01029134,2062
E01029135,708
E01029136,2233
E01029137,258
E01029138,674
E01029139,138
E01029140,2461
E01029143,272
E01029144,271
E01029149,380
E01029165,239
E01029201,321
E01029207,353
E01029230,282
E01029241,582
E01029266,236
E01029271,252
E01029274,257
E01029279,338
E01029285,731
E01029289,1333
E01029299,254
E01029301,386
E01029322,1036
E01029328,181
E01029333,464
E01029335,241
E01029336,296
E01029337,340
E01029343,338
E01029407,452
E01029408,2183
E01029409,2182
E01029410,1280
E01029414,1758
E01029415,1605
E01029416,285
E01029425,287
E01029428,846
E01029441,277
E01029477,270
E01029504,649
E01029505,317
E01029509,236
E01029521,465
E01029567,782
E01029594,497
E01029598,320
E01029620,356
E01029641,303
E01029660,332
E01029683,353
E01029689,251
E01029724,367
E01029742,400
E01029768,265
E01029813,446
E01029835,360
E01029836,483
E01029837,1596
E01029839,1154
E01029847,998
E01029848,297
E01029881,201
E01029905,374
E01029907,230
E01029945,350
E01029950,384
E01029954,593
E01030048,315
E01030052,421
E01030055,221
E01030133,306
E01030137,166
E01030142,269
E01030152,262
E01030154,432
E01030176,230
E01030199,96
E01030212,343
E01030219,189
E01030223,265
E01030236,350
E01030244,354
E01030250,317
E01030258,452
E01030275,293
E01030320,808
E01030321,442
E01030328,279
E01030329,344
E01030331,345
E01030343,721
E01030346,386
E01030347,323
E01030350,291
E01030351,646
E01030354,524
E01030356,691
E01030373,280
E01030426,282
E01030452,1016
E01030458,179
E01030466,427
E01030491,325
E01030525,401
E01030531,758
E01030545,271
E01030570,364
E01030572,380
E01030579,303
E01030599,302
E01030628,335
E01030646,324
E01030647,584
E01030652,310
E01030654,1184
E01030656,822
E01030657,711
E01030658,1098
E01030659,569
E01030663,1316
E01030664,994
E01030665,1011
E01030666,1137
E01030668,212
E01030681,564
E01030686,1454
E01030688,1249
E01030721,477
E01030722,333
E01030726,275
E01030727,1602
E01030728,864
E01030729,558
E01030730,1133
E01030731,796
E01030732,630
E01030735,369
E01030738,1103
E01030742,663
E01030758,302
E01030759,222
E01030805,341
E01030817,303
E01030818,670
E01030838,296
E01030850,277
E01030851,731
E01030872,596
E01030875,432
E01030876,218
E01030881,389
E01030884,291
E01030914,318
E01030921,232
E01030922,560
E01030947,626
E01030950,563
E01031020,228
E01031024,453
E01031033,278
E01031037,258
E01031045,1178
E01031046,259
E01031081,327
E01031108,229
E01031112,267
E01031117,432
E01031166,398
E01031171,375
E01031178,282
E01031183,471
E01031184,298
E01031204,192
E01031225,374
E01031231,469
E01031237,249
E01031238,253
E01031248,180
E01031250,257
E01031252,234
E01031314,597
E01031317,370
E01031321,320
E01031322,651
E01031323,321
E01031324,329
E01031356,275
E01031357,1410
E01031358,270
E01031359,316
E01031360,929
E01031368,594
E01031376,952
E01031377,146
E01031378,1417
E01031379,279
E01031391,725
E01031419,301
E01031420,269
E01031431,836
E01031433,583
E01031436,308
E01031437,209
E01031440,289
E01031454,1212
E01031456,1571
E01031467,261
E01031491,564
E01031492,583
E01031495,242
E01031507,277
E01031522,193
E01031524,970
E01031525,284
E01031530,134
E01031532,1217
E01031548,317
E01031562,840
E01031563,353
E01031578,603
E01031579,256
E01031580,381
E01031617,218
E01031631,304
E01031787,270
E01031789,411
E01031804,259
E01031805,530
E01031809,164
E01031814,373
E01031817,352
E01031835,302
E01031865,163
E01031867,216
E01031869,274
E01031870,369
E01031873,464
E01031883,301
E01031885,300
E01031902,309
E01031925,281
E01031958,224
E01031979,309
E01031989,288
E01031990,389
E01032000,239
E01032009,287
E01032014,338
E01032023,273
E01032026,381
E01032029,375
E01032031,239
E01032033,599
E01032035,277
E01032040,145
E01032050,166
E01032062,282
E01032071,162
E01032140,348
E01032179,426
E01032198,265
E01032214,330
E01032234,355
E01032295,241
E01032327,250
E01032343,191
E01032352,196
E01032416,452
E01032428,413
E01032430,403
E01032431,328
E01032461,620
E01032467,287
E01032479,342
E01032481,257
E01032526,436
E01032568,278
E01032572,229
E01032573,1045
E01032579,958
E01032582,2044
E01032583,1645
E01032584,1278
E01032595,1682
E01032628,658
E01032629,354
E01032630,2829
E01032631,1460
E01032632,749
E01032633,330
E01032636,738
E01032637,1590
E01032638,1463
E01032639,2365
E01032640,1515
E01032646,1753
E01032657,362
E01032658,255
E01032661,621
E01032665,359
E01032666,1243
E01032667,1201
E01032668,1597
E01032669,1669
E01032670,1573
E01032671,1575
E01032672,2882
E01032673,1373
E01032674,460
E01032676,1704
E01032677,216
E01032678,1004
E01032679,1226
E01032681,220
E01032682,1088
E01032684,221
E01032701,121
E01032702,199
E01032711,348
E01032719,1817
E01032720,1260
E01032722,2200
E01032728,315
E01032733,1189
E01032734,376
E01032739,319
E01032745,125
E01032764,689
E01032770,2055
E01032771,1731
E01032772,1421
E01032773,3471
E01032774,1531
E01032775,1360
E01032776,2601
E01032777,1642
E01032778,2415
E01032779,1873
E01032780,965
E01032781,1869
E01032782,2580
E01032783,1561
E01032788,1398
E01032789,1542
E01032790,1362
E01032794,399
E01032800,818
E01032803,1382
E01032805,639
E01032807,615
E01032808,996
E01032831,1627
E01032832,1611
E01032833,1359
E01032834,1278
E01032845,260
E01032859,282
E01032896,718
E01032897,1255
E01032898,651
E01032924,313
E01032932,182
E01032952,205
E01032959,652
E01032979,340
E01032980,357
E01032981,839
E01032982,381
E01032987,301
E01032995,1582
E01032996,1404
E01033011,876
E01033015,1293
E01033016,887
E01033018,872
E01033019,301
E01033022,319
E01033026,231
E01033031,735
E01033032,280
E01033033,854
E01033034,859
E01033042,268
E01033051,302
E01033056,281
E01033057,150
E01033067,857
E01033068,382
E01033072,259
E01033081,283
E01033082,1244
E01033087,1107
E01033093,549
E01033098,1658
E01033099,1495
E01033100,1409
E01033101,2383
E01033104,1624
E01033105,1490
E01033106,2753
E01033107,1531
E01033108,2115
E01033109,1511
E01033110,2000
E01033111,871
E01033112,729
E01033122,374
E01033124,1096
E01033125,189
E01033126,804
E01033132,1474
E01033133,1413
E01033139,314
E01033140,228
E01033141,181
E01033148,408
E01033150,467
E01033171,138
E01033193,382
E01033207,745
E01033208,1081
E01033210,335
E01033211,284
E01033236,361
E01033247,73
E01033272,451
E01033327,706
E01033330,430
E01033350,139
E01033355,264
E01033359,566
E01033380,268
E01033384,257
E01033387,451
E01033394,195
E01033395,822
E01033402,961
E01033403,218
E01033410,1572
E01033414,886
E01033415,257
E01033421,931
E01033453,448
E01033483,300
E01033568,2952
E01033569,299
E01033570,1924
E01033571,520
E01033572,580
E01033574,1636
E01033575,1408
E01033576,2912
E01033577,2739
E01033578,1327
E01033579,383
E01033580,1945
E01033581,1876
E01033582,1713
E01033583,2370
E01033584,1008
E01033585,2684
E01033586,1689
E01033588,739
E01033591,1096
E01033597,1192
E01033599,1792
E01033610,299
E01033645,1070
E01033683,449
E01033688,311
E01033689,258
E01033690,847
E01033710,1290
E01033719,494
E01033727,2616
E01033728,700
E01033730,2862
E01033732,848
E01033733,231
E01033734,2114
E01033736,1274
E01033738,934
E01033740,699
E01033741,2737
E01033743,1883
E01033744,1516
E01033745,2010
E01033750,534
E01033752,413
W01000017,289
W01000031,620
W01000038,373
W01000048,288
W01000056,245
W01000057,387
W01000062,377
W01000067,470
W01000070,793
W01000074,551
W01000077,406
W01000080,216
W01000082,386
W01000083,354
W01000085,687
W01000086,354
W01000088,352
W01000100,153
W01000105,1339
W01000106,200
W01000107,889
W01000109,863
W01000117,513
W01000121,206
W01000124,380
W01000129,361
W01000132,1286
W01000133,251
W01000134,365
W01000146,1061
W01000147,1017
W01000149,1497
W01000150,1475
W01000151,1613
W01000152,1486
W01000156,497
W01000157,727
W01000168,696
W01000169,1991
W01000178,216
W01000179,282
W01000184,2322
W01000186,1410
W01000187,338
W01000188,539
W01000192,742
W01000197,378
W01000198,186
W01000201,810
W01000205,296
W01000208,347
W01000211,561
W01000214,582
W01000216,342
W01000218,1303
W01000219,1676
W01000220,1443
W01000221,643
W01000222,688
W01000226,1089
W01000227,540
W01000235,583
W01000236,1676
W01000237,1845
W01000238,704
W01000239,1725
W01000240,485
W01000241,1462
W01000242,547
W01000246,349
W01000271,195
W01000274,305
W01000283,455
W01000287,897
W01000291,323
W01000293,517
W01000313,292
W01000314,292
W01000328,2114
W01000329,298
W01000330,1420
W01000331,941
W01000332,1551
W01000333,1562
W01000334,658
W01000337,325
W01000345,808
W01000409,394
W01000429,381
W01000433,234
W01000442,582
W01000443,775
W01000445,393
W01000447,399
W01000450,171
W01000452,549
W01000453,291
W01000461,428
W01000467,323
W01000471,250
W01000474,447
W01000475,648
W01000477,288
W01000480,150
W01000486,242
W01000488,339
W01000489,693
W01000494,370
W01000502,254
W01000505,251
W01000506,475
W01000511,234
W01000512,134
W01000513,726
W01000518,226
W01000536,241
W01000537,220
W01000542,297
W01000543,299
W01000548,199
W01000550,340
W01000576,343
W01000582,238
W01000585,243
W01000635,583
W01000642,254
W01000650,415
W01000651,246
W01000654,606
W01000658,291
W01000659,1229
W01000667,349
W01000670,267
W01000679,411
W01000692,287
W01000705,284
W01000709,376
W01000710,267
W01000720,339
W01000723,352
W01000725,278
W01000735,296
W01000773,550
W01000792,327
W01000796,438
W01000825,227
W01000828,395
W01000829,243
W01000883,564
W01000884,1298
W01000885,1441
W01000886,1392
W01000887,407
W01000889,605
W01000893,275
W01000924,231
W01000925,1252
W01000927,684
W01000929,277
W01000934,193
W01000937,477
W01000952,312
W01000954,556
W01000973,590
W01000974,330
W01001002,350
W01001004,318
W01001007,529
W01001016,281
W01001028,278
W01001033,548
W01001045,289
W01001071,354
W01001073,176
W01001087,341
W01001126,244
W01001155,305
W01001171,528
W01001177,242
W01001184,301
W01001190,892
W01001223,234
W01001234,264
W01001264,198
W01001267,349
W01001273,602
W01001280,232
W01001281,842
W01001286,320
W01001288,249
W01001303,188
W01001307,157
W01001312,231
W01001313,288
W01001315,489
W01001331,312
W01001366,931
W01001367,299
W01001370,482
W01001395,338
W01001411,571
W01001412,836
W01001413,952
W01001421,689
W01001423,258
W01001430,492
W01001435,556
W01001439,718
W01001450,307
W01001451,1144
W01001452,343
W01001466,481
W01001475,269
W01001483,361
W01001485,381
W01001487,170
W01001493,241
W01001505,318
W01001519,251
W01001520,270
W01001522,270
W01001573,556
W01001574,338
W01001576,537
W01001577,414
W01001581,317
W01001587,242
W01001590,274
W01001596,411
W01001597,240
W01001598,630
W01001612,319
W01001613,265
W01001623,268
W01001624,263
W01001625,262
W01001637,290
W01001642,1546
W01001643,1681
W01001644,2626
W01001645,1036
W01001646,1855
W01001647,2167
W01001648,1496
W01001649,673
W01001657,352
W01001658,1625
W01001671,358
W01001675,334
W01001676,1743
W01001681,1161
W01001683,274
W01001684,884
W01001688,3077
W01001689,1802
W01001690,1679
W01001691,327
W01001692,2093
W01001693,2233
W01001699,2094
W01001706,448
W01001709,392
W01001711,916
W01001713,736
W01001714,260
W01001716,311
W01001750,260
W01001752,312
W01001759,884
W01001760,748
W01001761,1861
W01001762,1513
W01001764,2063
W01001765,1512
W01001766,1823
W01001767,1792
W01001768,1750
W01001788,929
W01001815,316
W01001824,288
W01001825,985
W01001851,274
W01001854,251
W01001855,1787
W01001856,1851
W01001857,1990
W01001858,327
W01001859,841
W01001860,303
W01001861,448
W01001862,1752
W01001871,729
W01001875,1241
W01001877,770
W01001880,346
W01001882,1200
W01001885,2047
W01001886,366
W01001889,208
W01001897,236
W01001904,632
W01001905,309
W01001906,259
W01001912,1391
W01001913,523
W01001923,626
W01001924,1422
W01001925,561
W01001927,1371
W01001928,1133
W01001930,338
W01001933,334
W01001934,232
W01001935,244
W01001937,441
W01001942,1664
W01001943,367
W01001945,2342
W01001947,847
W01001952,943
W01001957,179
