MSOA11CD,n
E02000001,319
E02000012,421
E02000016,716
E02000017,879
E02000019,1017
E02000020,8861
E02000021,350
E02000022,3279
E02000023,5928
E02000026,251
E02000036,851
E02000041,1071
E02000047,577
E02000050,622
E02000053,1829
E02000057,496
E02000065,8639
E02000066,10069
E02000067,3057
E02000068,2017
E02000072,3032
E02000086,384
E02000087,377
E02000092,379
E02000093,439
E02000098,329
E02000102,900
E02000104,703
E02000113,3163
E02000118,549
E02000137,258
E02000144,1333
E02000145,567
E02000150,422
E02000151,362
E02000153,727
E02000159,619
E02000196,536
E02000197,453
E02000202,336
E02000203,1136
E02000211,345
E02000217,1598
E02000220,325
E02000222,508
E02000224,2280
E02000230,2228
E02000233,1113
E02000235,789
E02000243,372
E02000249,420
E02000271,2686
E02000279,1428
E02000293,289
E02000299,504
E02000300,525
E02000301,2160
E02000304,327
E02000306,2000
E02000309,1923
E02000313,7539
E02000314,10622
E02000315,9699
E02000316,5237
E02000318,3475
E02000319,1516
E02000320,348
E02000321,573
E02000357,622
E02000362,2798
E02000376,4899
E02000377,3925
E02000378,2255
E02000379,6626
E02000380,5847
E02000381,4973
E02000382,5695
E02000383,817
E02000384,6793
E02000385,5485
E02000386,4342
E02000387,6020
E02000388,5553
E02000389,7792
E02000390,686
E02000391,7742
E02000392,7453
E02000393,3307
E02000394,9177
E02000395,6180
E02000396,7057
E02000411,289
E02000438,715
E02000440,970
E02000448,638
E02000451,516
E02000453,444
E02000471,280
E02000473,686
E02000474,362
E02000476,524
E02000478,399
E02000491,812
E02000493,1786
E02000497,327
E02000498,842
E02000500,355
E02000502,393
E02000504,375
E02000524,274
E02000526,8112
E02000528,1527
E02000531,933
E02000532,8132
E02000533,6092
E02000539,347
E02000545,428
E02000594,1771
E02000595,173
E02000596,164
E02000597,2799
E02000601,3251
E02000602,1850
E02000606,1260
E02000607,575
E02000610,227
E02000619,8544
E02000620,10516
E02000621,7829
E02000622,1699
E02000625,385
E02000629,692
E02000630,1403
E02000652,366
E02000653,11373
E02000654,7480
E02000655,5680
E02000658,745
E02000661,603
E02000663,309
E02000664,2071
E02000665,1625
E02000666,614
E02000668,1244
E02000672,262
E02000704,198
E02000708,292
E02000710,727
E02000713,255
E02000715,936
E02000718,1252
E02000725,752
E02000726,5769
E02000728,1037
E02000733,6753
E02000736,5583
E02000737,431
E02000740,4234
E02000742,2215
E02000743,7534
E02000744,5374
E02000745,4181
E02000746,6128
E02000747,12858
E02000748,3496
E02000749,6723
E02000750,14800
E02000754,327
E02000755,681
E02000759,907
E02000774,511
E02000779,848
E02000780,1096
E02000781,817
E02000784,9425
E02000785,3104
E02000786,6032
E02000787,3152
E02000790,1484
E02000792,917
E02000797,428
E02000799,557
E02000801,478
E02000805,1233
E02000806,226
E02000807,5719
E02000808,9674
E02000809,13716
E02000810,12837
E02000812,10049
E02000813,10187
E02000814,9865
E02000815,5587
E02000816,9887
E02000817,7272
E02000818,7613
E02000819,8875
E02000820,10334
E02000821,8277
E02000822,5603
E02000823,8060
E02000824,5607
E02000825,5725
E02000826,6841
E02000827,3585
E02000828,639
E02000829,2881
E02000843,325
E02000845,351
E02000849,359
E02000850,679
E02000853,475
E02000867,689
E02000881,3567
E02000883,3844
E02000886,4022
E02000887,2318
E02000888,519
E02000889,3767
E02000890,6186
E02000891,17655
E02000893,8106
E02000894,11777
E02000900,593
E02000902,763
E02000912,1284
E02000916,335
E02000923,8075
E02000924,13753
E02000925,7942
E02000926,10912
E02000927,5779
E02000928,561
E02000929,7544
E02000930,5078
E02000932,1030
E02000934,308
E02000940,604
E02000953,222
E02000956,292
E02000977,485
E02000979,9514
E02000980,10664
E02000981,10309
E02000982,7521
E02000983,9804
E02000988,266
E02000992,289
E02000998,514
E02001021,311
E02001029,417
E02001031,1156
E02001033,1026
E02001046,267
E02001057,311
E02001079,928
E02001080,1048
E02001084,317
E02001086,316
E02001088,484
E02001090,563
E02001091,287
E02001099,500
E02001133,394
E02001139,420
E02001145,247
E02001163,281
E02001167,2037
E02001172,968
E02001178,1235
E02001207,361
E02001208,1299
E02001217,275
E02001220,330
E02001231,338
E02001237,192
E02001243,216
E02001271,285
E02001276,192
E02001279,315
E02001290,315
E02001295,426
E02001298,330
E02001299,1489
E02001300,310
E02001301,252
E02001309,288
E02001310,271
E02001315,253
E02001316,251
E02001317,1047
E02001319,515
E02001321,356
E02001323,339
E02001325,842
E02001357,344
E02001414,311
E02001425,462
E02001427,366
E02001429,6476
E02001430,5184
E02001431,854
E02001448,539
E02001469,636
E02001472,4997
E02001475,2403
E02001479,1583
E02001480,604
E02001482,443
E02001534,313
E02001539,6317
E02001540,181
E02001541,6498
E02001542,4417
E02001543,4170
E02001544,6064
E02001545,4515
E02001546,2334
E02001547,155
E02001548,6941
E02001549,807
E02001550,327
E02001551,592
E02001553,1443
E02001554,313
E02001555,598
E02001558,249
E02001559,388
E02001560,390
E02001615,269
E02001618,509
E02001627,329
E02001646,425
E02001650,451
E02001660,391
E02001678,315
E02001749,393
E02001759,207
E02001764,346
E02001812,297
E02001815,231
E02001825,308
E02001835,164
E02001845,322
E02001850,560
E02001855,3349
E02001856,1173
E02001859,372
E02001863,304
E02001864,1032
E02001870,1073
E02001897,322
E02001900,499
E02001905,745
E02001910,912
E02001914,1070
E02001921,729
E02001926,1031
E02001950,318
E02001952,283
E02001970,274
E02001985,842
E02001990,346
E02002003,567
E02002051,208
E02002058,192
E02002063,467
E02002093,340
E02002118,654
E02002126,334
E02002130,1187
E02002134,2206
E02002135,335
E02002149,299
E02002151,1565
E02002170,231
E02002171,333
E02002175,319
E02002186,447
E02002187,309
E02002188,571
E02002190,1068
E02002202,258
E02002204,300
E02002221,847
E02002226,699
E02002247,583
E02002250,1061
E02002256,4271
E02002258,345
E02002260,554
E02002264,312
E02002265,1797
E02002275,266
E02002287,200
E02002294,536
E02002296,308
E02002299,1312
E02002301,411
E02002312,1468
E02002314,343
E02002315,247
E02002329,390
E02002331,178
E02002335,207
E02002337,179
E02002357,126
E02002367,220
E02002393,735
E02002404,1713
E02002409,327
E02002411,280
E02002426,428
E02002427,211
E02002432,963
E02002439,866
E02002456,997
E02002459,1535
E02002464,474
E02002465,1042
E02002466,270
E02002467,673
E02002469,313
E02002484,182
E02002487,153
E02002489,438
E02002496,513
E02002499,526
E02002502,287
E02002515,284
E02002537,1014
E02002546,590
E02002558,840
E02002559,119
E02002564,328
E02002566,300
E02002573,397
E02002580,455
E02002581,487
E02002582,341
E02002590,230
E02002591,303
E02002596,276
E02002597,254
E02002600,3028
E02002601,1225
E02002603,276
E02002606,2295
E02002607,1648
E02002608,902
E02002609,335
E02002610,229
E02002611,758
E02002613,687
E02002619,315
E02002620,182
E02002627,273
E02002633,5805
E02002634,2172
E02002652,8442
E02002653,4657
E02002654,7969
E02002655,3249
E02002656,5038
E02002657,7303
E02002658,3465
E02002659,10950
E02002660,5953
E02002661,7330
E02002662,5450
E02002663,6955
E02002664,7160
E02002665,8043
E02002666,9173
E02002667,7156
E02002668,8467
E02002669,8253
E02002670,7809
E02002671,8674
E02002672,7517
E02002673,7500
E02002674,6316
E02002675,9125
E02002676,7368
E02002677,7401
E02002678,8041
E02002679,7203
E02002680,9576
E02002681,8883
E02002682,9438
E02002689,759
E02002692,383
E02002694,833
E02002695,226
E02002696,155
E02002697,548
E02002698,312
E02002699,2596
E02002700,252
E02002703,639
E02002704,956
E02002705,927
E02002706,4498
E02002707,587
E02002708,819
E02002709,5627
E02002712,5884
E02002714,805
E02002715,1075
E02002716,7627
E02002717,2959
E02002719,268
E02002720,5397
E02002721,3207
E02002722,441
E02002723,8379
E02002724,9761
E02002725,1678
E02002726,5142
E02002727,5533
E02002728,7685
E02002729,1524
E02002730,7650
E02002731,6056
E02002732,418
E02002733,3807
E02002734,3243
E02002735,3184
E02002736,5307
E02002737,4217
E02002738,264
E02002739,502
E02002740,930
E02002741,2352
E02002742,1742
E02002745,259
E02002749,3447
E02002750,1162
E02002753,4625
E02002754,5361
E02002755,348
E02002757,334
E02002759,564
E02002761,226
E02002763,1508
E02002769,133
E02002770,746
E02002771,1995
E02002778,366
E02002779,374
E02002781,276
E02002784,1239
E02002785,501
E02002786,311
E02002788,586
E02002790,291
E02002793,291
E02002794,291
E02002795,364
E02002800,236
E02002801,622
E02002802,1377
E02002803,2722
E02002806,235
E02002808,834
E02002816,245
E02002819,138
E02002828,468
E02002829,340
E02002832,2707
E02002836,3826
E02002837,1529
E02002839,775
E02002842,2231
E02002843,2908
E02002846,633
E02002847,1097
E02002857,1676
E02002864,303
E02002869,616
E02002872,526
E02002874,310
E02002876,362
E02002891,288
E02002893,1592
E02002896,285
E02002898,3820
E02002899,290
E02002901,4301
E02002905,412
E02002906,1745
E02002908,382
E02002910,277
E02002911,291
E02002914,223
E02002916,730
E02002919,1128
E02002924,267
E02002929,252
E02002935,291
E02002936,562
E02002937,333
E02002938,394
E02002962,249
E02002964,235
E02002966,747
E02002969,1391
E02002976,265
E02002977,560
E02002979,350
E02002980,613
E02002982,505
E02002984,1060
E02002990,225
E02002991,371
E02002993,677
E02002994,315
E02003013,1204
E02003019,2032
E02003034,317
E02003043,1267
E02003046,356
E02003047,256
E02003049,219
E02003050,566
E02003054,413
E02003059,341
E02003065,1924
E02003067,4213
E02003068,570
E02003069,972
E02003070,460
E02003071,5724
E02003074,7789
E02003076,1753
E02003077,300
E02003078,3745
E02003079,7134
E02003080,7700
E02003081,3509
E02003082,619
E02003084,6861
E02003085,6811
E02003086,1679
E02003087,743
E02003088,257
E02003089,3687
E02003091,292
E02003093,1017
E02003094,3704
E02003095,590
E02003096,245
E02003097,288
E02003098,532
E02003113,272
E02003142,194
E02003143,302
E02003147,313
E02003148,617
E02003149,273
E02003152,768
E02003154,268
E02003156,464
E02003164,822
E02003167,658
E02003171,533
E02003179,130
E02003191,276
E02003208,621
E02003211,344
E02003215,270
E02003219,247
E02003221,402
E02003224,653
E02003239,523
E02003241,1064
E02003242,505
E02003244,347
E02003249,295
E02003253,310
E02003287,555
E02003292,1789
E02003294,3652
E02003308,2075
E02003309,826
E02003310,4802
E02003311,1617
E02003312,5219
E02003313,14415
E02003314,561
E02003319,1267
E02003320,3113
E02003328,426
E02003333,1133
E02003338,799
E02003341,832
E02003353,787
E02003357,315
E02003359,146
E02003368,311
E02003370,592
E02003377,470
E02003378,877
E02003384,548
E02003385,1949
E02003392,3488
E02003395,537
E02003398,931
E02003399,659
E02003407,270
E02003409,555
E02003410,1177
E02003411,1973
E02003412,1340
E02003414,4378
E02003415,764
E02003417,207
E02003420,363
E02003421,351
E02003422,1247
E02003424,6021
E02003425,2377
E02003429,762
E02003430,2063
E02003431,4034
E02003432,1354
E02003436,6347
E02003448,457
E02003454,387
E02003458,556
E02003460,223
E02003461,728
E02003462,313
E02003488,309
E02003522,1349
E02003527,541
E02003529,6082
E02003530,3769
E02003531,2590
E02003537,2198
E02003545,1395
E02003547,4642
E02003548,4717
E02003554,602
E02003561,322
E02003570,1299
E02003571,266
E02003577,645
E02003581,210
E02003583,394
E02003584,198
E02003588,663
E02003589,177
E02003597,365
E02003605,224
E02003616,1002
E02003619,292
E02003633,2441
E02003643,382
E02003655,165
E02003659,652
E02003665,270
E02003667,308
E02003669,1090
E02003672,317
E02003675,279
E02003679,288
E02003691,239
E02003693,501
E02003696,331
E02003701,577
E02003702,226
E02003711,295
E02003714,332
E02003716,262
E02003717,228
E02003718,1250
E02003722,133
E02003725,2399
E02003730,399
E02003732,1205
E02003733,538
E02003735,835
E02003736,139
E02003737,270
E02003738,132
E02003742,3735
E02003743,5982
E02003744,3808
E02003745,2914
E02003747,642
E02003749,1877
E02003750,1084
E02003751,653
E02003755,2540
E02003756,279
E02003757,171
E02003762,741
E02003763,264
E02003764,333
E02003765,2756
E02003766,984
E02003767,595
E02003768,4868
E02003769,130
E02003771,1021
E02003772,399
E02003773,350
E02003776,489
E02003777,1730
E02003779,323
E02003780,526
E02003788,323
E02003792,279
E02003793,773
E02003803,1104
E02003808,576
E02003809,300
E02003837,301
E02003838,289
E02003862,280
E02003879,706
E02003893,302
E02003894,237
E02003898,123
E02003903,665
E02003904,508
E02003906,421
E02003910,256
E02003911,248
E02003913,226
E02003918,639
E02003928,510
E02003931,305
E02003935,364
E02003936,794
E02003940,322
E02003944,631
E02003945,417
E02003947,1338
E02003948,787
E02003949,245
E02003952,519
E02003957,232
E02003959,967
E02003960,317
E02003963,272
E02003964,431
E02003965,305
E02003966,322
E02003968,327
E02003970,568
E02003975,773
E02003976,1400
E02003978,244
E02003982,676
E02003983,310
E02003987,439
E02003988,274
E02003990,381
E02003992,1636
E02003994,682
E02003996,2372
E02004003,447
E02004005,582
E02004007,480
E02004010,242
E02004013,192
E02004014,360
E02004015,591
E02004017,831
E02004018,184
E02004019,348
E02004021,272
E02004022,875
E02004025,424
E02004026,908
E02004030,452
E02004038,727
E02004044,612
E02004064,451
E02004065,301
E02004069,270
E02004070,441
E02004071,238
E02004072,128
E02004073,713
E02004075,112
E02004076,547
E02004077,545
E02004081,693
E02004087,492
E02004088,241
E02004089,4537
E02004091,8125
E02004092,9310
E02004096,249
E02004098,293
E02004114,589
E02004118,3050
E02004120,1268
E02004121,1428
E02004130,272
E02004132,1050
E02004133,268
E02004134,1655
E02004135,920
E02004136,453
E02004137,221
E02004138,561
E02004139,314
E02004140,444
E02004141,712
E02004142,547
E02004145,206
E02004146,329
E02004147,3742
E02004150,263
E02004151,932
E02004153,1135
E02004155,324
E02004156,1703
E02004158,5866
E02004159,283
E02004160,508
E02004162,3442
E02004163,361
E02004164,276
E02004165,647
E02004166,769
E02004167,580
E02004168,2132
E02004170,733
E02004173,294
E02004175,292
E02004177,1230
E02004178,321
E02004179,254
E02004181,2272
E02004182,283
E02004183,1283
E02004184,661
E02004186,293
E02004187,429
E02004191,967
E02004192,212
E02004193,485
E02004195,185
E02004196,647
E02004200,200
E02004202,1047
E02004203,620
E02004204,354
E02004205,456
E02004206,236
E02004209,1120
E02004210,1153
E02004211,1053
E02004213,290
E02004214,2064
E02004217,564
E02004218,237
E02004221,330
E02004222,2233
E02004227,497
E02004229,551
E02004230,225
E02004231,571
E02004232,305
E02004234,1233
E02004236,606
E02004237,330
E02004241,829
E02004243,586
E02004247,412
E02004252,135
E02004255,394
E02004258,723
E02004260,377
E02004261,257
E02004262,938
E02004263,235
E02004267,279
E02004268,597
E02004269,447
E02004272,819
E02004273,530
E02004274,261
E02004275,472
E02004276,988
E02004279,900
E02004282,363
E02004283,201
E02004284,2006
E02004345,278
E02004348,580
E02004350,512
E02004352,451
E02004354,721
E02004356,254
E02004358,2474
E02004362,5739
E02004365,668
E02004369,262
E02004375,257
E02004376,241
E02004377,370
E02004378,606
E02004381,1030
E02004383,296
E02004386,853
E02004390,390
E02004391,1171
E02004393,862
E02004395,3755
E02004396,231
E02004400,176
E02004401,239
E02004402,449
E02004415,344
E02004422,2670
E02004425,334
E02004446,258
E02004447,368
E02004449,234
E02004450,260
E02004452,319
E02004456,202
E02004472,1031
E02004479,590
E02004480,7186
E02004481,6741
E02004482,8432
E02004483,8282
E02004484,8048
E02004493,314
E02004494,936
E02004503,452
E02004512,1635
E02004513,494
E02004515,558
E02004521,526
E02004522,861
E02004524,303
E02004527,584
E02004528,1373
E02004530,292
E02004534,592
E02004535,328
E02004538,319
E02004539,351
E02004552,268
E02004557,4568
E02004558,319
E02004560,482
E02004562,1406
E02004563,296
E02004566,402
E02004572,1690
E02004573,2709
E02004574,302
E02004575,240
E02004576,274
E02004578,565
E02004583,750
E02004584,252
E02004589,312
E02004590,3492
E02004591,322
E02004597,281
E02004604,331
E02004608,987
E02004611,277
E02004615,289
E02004616,258
E02004618,466
E02004619,529
E02004621,714
E02004622,260
E02004623,260
E02004626,314
E02004627,397
E02004630,346
E02004631,530
E02004636,701
E02004637,616
E02004639,835
E02004640,961
E02004643,357
E02004648,379
E02004649,369
E02004653,1071
E02004655,277
E02004661,309
E02004663,249
E02004667,117
E02004671,584
E02004674,601
E02004680,323
E02004686,260
E02004691,336
E02004694,369
E02004696,716
E02004699,296
E02004707,375
E02004708,359
E02004712,683
E02004713,290
E02004714,1025
E02004715,158
E02004716,268
E02004717,464
E02004719,747
E02004720,998
E02004722,988
E02004723,373
E02004724,886
E02004727,262
E02004732,397
E02004733,376
E02004734,484
E02004738,883
E02004745,624
E02004748,609
E02004751,334
E02004752,627
E02004753,335
E02004757,946
E02004758,670
E02004759,1464
E02004760,296
E02004767,665
E02004769,361
E02004770,341
E02004771,325
E02004774,230
E02004778,1789
E02004779,156
E02004786,1782
E02004788,294
E02004793,293
E02004795,567
E02004797,351
E02004800,319
E02004801,293
E02004802,365
E02004815,309
E02004824,332
E02004826,362
E02004827,1155
E02004829,263
E02004830,314
E02004832,599
E02004838,607
E02004839,730
E02004841,282
E02004842,1170
E02004845,232
E02004847,227
E02004852,988
E02004855,610
E02004856,612
E02004857,441
E02004864,230
E02004873,319
E02004880,559
E02004894,894
E02004895,331
E02004896,1532
E02004903,1090
E02004904,400
E02004906,327
E02004913,640
E02004927,668
E02004941,353
E02004962,522
E02004989,1023
E02004996,348
E02005000,685
E02005004,379
E02005006,348
E02005007,691
E02005010,1268
E02005011,356
E02005013,237
E02005016,390
E02005017,1813
E02005018,852
E02005026,925
E02005027,289
E02005030,1511
E02005033,316
E02005039,369
E02005042,1461
E02005043,2150
E02005044,145
E02005050,335
E02005052,588
E02005056,818
E02005057,2682
E02005073,1107
E02005076,146
E02005081,1106
E02005085,1169
E02005091,320
E02005094,251
E02005097,241
E02005099,346
E02005100,275
E02005101,352
E02005105,744
E02005106,825
E02005109,597
E02005110,3311
E02005111,3874
E02005112,6874
E02005113,786
E02005114,1030
E02005115,6768
E02005116,6654
E02005117,1456
E02005118,1263
E02005119,1607
E02005121,1121
E02005123,726
E02005124,1748
E02005125,578
E02005128,1168
E02005129,374
E02005130,372
E02005149,738
E02005151,668
E02005153,582
E02005154,148
E02005156,810
E02005157,368
E02005158,698
E02005159,333
E02005160,2632
E02005162,1473
E02005172,456
E02005182,1081
E02005186,180
E02005192,270
E02005195,2890
E02005203,568
E02005211,3070
E02005218,839
E02005219,286
E02005220,511
E02005221,277
E02005222,245
E02005230,580
E02005231,224
E02005234,366
E02005236,259
E02005237,846
E02005239,991
E02005242,629
E02005245,280
E02005247,1297
E02005248,423
E02005258,328
E02005268,508
E02005269,2317
E02005270,529
E02005271,648
E02005276,311
E02005278,313
E02005284,313
E02005285,839
E02005286,290
E02005288,339
E02005290,778
E02005291,1400
E02005293,266
E02005294,523
E02005303,279
E02005304,292
E02005305,3969
E02005308,294
E02005309,224
E02005315,383
E02005319,3837
E02005320,1148
E02005321,648
E02005322,6574
E02005323,3712
E02005324,191
E02005325,313
E02005326,1495
E02005327,2468
E02005328,5012
E02005329,7282
E02005330,5123
E02005331,215
E02005336,274
E02005337,356
E02005346,3389
E02005347,1764
E02005348,800
E02005352,444
E02005356,327
E02005357,252
E02005368,114
E02005369,334
E02005375,524
E02005391,690
E02005392,237
E02005397,1328
E02005399,491
E02005400,255
E02005412,730
E02005417,7338
E02005418,11468
E02005419,9051
E02005420,8798
E02005422,2576
E02005423,10026
E02005424,1082
E02005425,2566
E02005427,301
E02005428,6683
E02005429,6471
E02005430,313
E02005433,6511
E02005435,7331
E02005436,1219
E02005437,5020
E02005438,6687
E02005439,2129
E02005440,3660
E02005441,3610
E02005445,834
E02005447,2942
E02005449,2678
E02005455,546
E02005459,890
E02005460,579
E02005462,909
E02005463,260
E02005465,3214
E02005466,6678
E02005467,6825
E02005468,2708
E02005469,6930
E02005470,12746
E02005471,9702
E02005472,9546
E02005473,10054
E02005474,3694
E02005475,1296
E02005482,331
E02005483,276
E02005486,509
E02005487,305
E02005488,293
E02005493,1898
E02005494,1252
E02005495,5728
E02005496,354
E02005498,1395
E02005499,218
E02005501,787
E02005502,1077
E02005503,268
E02005516,258
E02005520,816
E02005540,1509
E02005541,2752
E02005542,3070
E02005543,1635
E02005544,6895
E02005547,599
E02005552,302
E02005553,493
E02005556,2229
E02005557,6697
E02005558,7077
E02005559,4603
E02005560,1179
E02005561,8713
E02005562,350
E02005563,4180
E02005564,366
E02005565,5369
E02005566,2833
E02005568,453
E02005569,480
E02005578,151
E02005581,274
E02005582,1155
E02005583,2000
E02005604,366
E02005605,225
E02005607,375
E02005608,202
E02005610,405
E02005627,373
E02005631,315
E02005660,722
E02005666,561
E02005670,340
E02005673,1112
E02005677,1196
E02005682,886
E02005683,381
E02005700,218
E02005704,216
E02005705,464
E02005708,340
E02005723,887
E02005724,401
E02005725,705
E02005726,216
E02005727,518
E02005729,241
E02005730,332
E02005732,166
E02005743,426
E02005744,481
E02005747,1740
E02005748,307
E02005749,1038
E02005750,465
E02005751,336
E02005752,574
E02005753,1030
E02005754,286
E02005755,421
E02005758,492
E02005761,727
E02005763,260
E02005764,603
E02005765,233
E02005766,252
E02005772,565
E02005776,146
E02005782,863
E02005784,998
E02005787,455
E02005788,198
E02005789,317
E02005790,568
E02005791,680
E02005796,121
E02005797,270
E02005798,251
E02005799,250
E02005807,96
E02005810,1772
E02005811,1063
E02005813,6946
E02005814,889
E02005815,1123
E02005816,2092
E02005818,318
E02005831,278
E02005832,1395
E02005836,321
E02005842,509
E02005844,872
E02005846,707
E02005847,341
E02005848,219
E02005849,929
E02005857,327
E02005859,264
E02005860,2254
E02005861,5234
E02005863,1983
E02005866,609
E02005869,273
E02005872,344
E02005876,958
E02005878,135
E02005879,6018
E02005895,297
E02005896,404
E02005899,1580
E02005900,289
E02005903,265
E02005904,1143
E02005905,1563
E02005908,296
E02005909,6285
E02005910,7890
E02005911,1005
E02005912,2432
E02005917,352
E02005919,563
E02005924,388
E02005931,374
E02005935,358
E02005938,731
E02005939,985
E02005942,271
E02005947,206
E02005948,2208
E02005951,2592
E02005961,587
E02005964,991
E02005966,341
E02005968,554
E02005976,270
E02005982,333
E02005983,658
E02005987,308
E02005988,291
E02005991,237
E02006000,480
E02006002,276
E02006004,293
E02006008,354
E02006010,328
E02006012,426
E02006013,335
E02006017,362
E02006018,342
E02006019,281
E02006021,341
E02006022,470
E02006023,731
E02006026,1134
E02006028,384
E02006030,721
E02006036,472
E02006037,233
E02006042,1095
E02006043,251
E02006047,520
E02006051,425
E02006052,218
E02006056,176
E02006061,1232
E02006062,6592
E02006063,380
E02006064,5430
E02006065,8977
E02006066,2941
E02006067,185
E02006068,7939
E02006069,5952
E02006070,8076
E02006071,2209
E02006072,1070
E02006073,1639
E02006074,4289
E02006078,321
E02006080,239
E02006082,353
E02006090,582
E02006098,282
E02006103,847
E02006105,2318
E02006108,622
E02006113,738
E02006114,1796
E02006116,919
E02006117,181
E02006136,287
E02006138,846
E02006141,8721
E02006143,3648
E02006145,277
E02006147,506
E02006154,317
E02006156,465
E02006157,649
E02006167,1102
E02006169,497
E02006174,332
E02006177,659
E02006189,353
E02006197,251
E02006198,367
E02006199,400
E02006207,265
E02006209,446
E02006217,1295
E02006218,843
E02006221,2750
E02006227,230
E02006228,201
E02006236,374
E02006239,448
E02006240,786
E02006243,593
E02006251,1285
E02006255,804
E02006256,374
E02006261,421
E02006262,221
E02006267,315
E02006274,306
E02006278,166
E02006281,269
E02006287,189
E02006288,662
E02006289,343
E02006290,262
E02006293,96
E02006305,317
E02006308,452
E02006309,293
E02006310,350
E02006311,265
E02006316,354
E02006317,345
E02006318,623
E02006321,937
E02006324,1215
E02006325,1250
E02006328,280
E02006332,709
E02006334,721
E02006344,179
E02006345,427
E02006347,282
E02006358,1016
E02006361,325
E02006369,401
E02006372,271
E02006374,758
E02006382,302
E02006388,744
E02006389,335
E02006392,303
E02006393,212
E02006395,5707
E02006396,3374
E02006398,2774
E02006399,584
E02006401,324
E02006402,564
E02006406,1472
E02006409,558
E02006411,3404
E02006414,810
E02006415,2559
E02006417,524
E02006423,341
E02006431,1008
E02006433,296
E02006438,973
E02006441,291
E02006442,389
E02006443,232
E02006445,560
E02006448,318
E02006451,1246
E02006456,1189
E02006468,258
E02006471,731
E02006473,228
E02006475,267
E02006478,327
E02006479,1437
E02006483,432
E02006486,229
E02006494,375
E02006502,282
E02006503,398
E02006505,192
E02006509,769
E02006511,491
E02006512,722
E02006513,374
E02006514,249
E02006515,180
E02006526,597
E02006529,1621
E02006530,370
E02006536,316
E02006538,2279
E02006540,3568
E02006541,425
E02006542,725
E02006545,261
E02006552,2783
E02006554,289
E02006555,583
E02006556,570
E02006558,1353
E02006567,277
E02006568,242
E02006569,1217
E02006570,564
E02006572,717
E02006574,1447
E02006582,984
E02006583,1449
E02006584,317
E02006600,304
E02006603,218
E02006626,352
E02006630,164
E02006631,983
E02006632,373
E02006633,789
E02006634,464
E02006635,163
E02006636,643
E02006641,301
E02006642,216
E02006645,300
E02006648,224
E02006653,281
E02006658,309
E02006661,381
E02006662,288
E02006663,309
E02006664,599
E02006665,277
E02006669,534
E02006671,338
E02006672,239
E02006673,287
E02006674,273
E02006676,614
E02006679,162
E02006680,282
E02006682,166
E02006696,348
E02006710,330
E02006712,426
E02006720,265
E02006723,355
E02006737,250
E02006740,73
E02006746,241
E02006755,452
E02006761,191
E02006765,196
E02006767,670
E02006771,660
E02006773,287
E02006777,413
E02006779,620
E02006784,302
E02006787,1369
E02006791,229
E02006792,2834
E02006798,2705
E02006801,10987
E02006802,7757
E02006804,569
E02006805,1030
E02006810,539
E02006813,7895
E02006814,3411
E02006821,2367
E02006822,281
E02006826,384
E02006833,684
E02006840,259
E02006845,9845
E02006846,8843
E02006848,668
E02006849,539
E02006853,10570
E02006854,7752
E02006856,1850
E02006857,6364
E02006858,7113
E02006859,299
E02006864,8444
E02006865,8056
E02006870,1114
E02006875,3056
E02006876,1668
E02006879,851
E02006882,375
E02006884,245
E02006887,264
E02006904,2337
E02006905,4052
E02006912,520
E02006917,449
E02006918,1290
E02006922,184
E02006927,728
E02006928,9897
E02006929,7380
E02006930,5048
E02006931,2089
E02006933,534
E02006934,413
W02000001,620
W02000003,289
W02000009,373
W02000010,783
W02000016,352
W02000017,354
W02000018,245
W02000019,2581
W02000021,1656
W02000022,551
W02000023,216
W02000024,740
W02000025,1145
W02000026,1534
W02000027,6765
W02000028,1824
W02000030,1224
W02000031,8393
W02000036,3002
W02000038,741
W02000041,571
W02000042,4422
W02000043,924
W02000044,1331
W02000045,5301
W02000047,4225
W02000049,810
W02000051,349
W02000052,186
W02000053,939
W02000055,547
W02000057,1385
W02000058,897
W02000061,517
W02000062,323
W02000063,195
W02000064,305
W02000065,455
W02000066,4096
W02000068,2114
W02000072,2659
W02000073,584
W02000094,394
W02000095,808
W02000096,338
W02000097,1335
W02000100,1131
W02000102,573
W02000103,399
W02000104,150
W02000106,995
W02000107,242
W02000108,288
W02000110,421
W02000111,1538
W02000113,693
W02000114,941
W02000116,640
W02000117,1092
W02000118,470
W02000120,475
W02000123,220
W02000124,234
W02000129,238
W02000132,243
W02000136,343
W02000143,826
W02000145,376
W02000149,254
W02000151,291
W02000152,278
W02000153,352
W02000159,267
W02000160,287
W02000161,246
W02000162,267
W02000163,284
W02000164,1516
W02000166,583
W02000167,3277
W02000171,327
W02000172,550
W02000173,438
W02000185,638
W02000192,179
W02000198,227
W02000201,1527
W02000203,963
W02000206,193
W02000209,231
W02000211,477
W02000213,605
W02000214,564
W02000215,4131
W02000216,312
W02000220,548
W02000222,281
W02000223,330
W02000226,847
W02000227,350
W02000231,278
W02000236,289
W02000241,244
W02000242,341
W02000245,354
W02000251,176
W02000253,305
W02000258,349
W02000260,242
W02000261,602
W02000265,569
W02000268,1602
W02000272,264
W02000273,198
W02000277,301
W02000280,892
W02000282,234
W02000286,646
W02000288,707
W02000304,492
W02000306,2359
W02000307,312
W02000308,1230
W02000311,689
W02000312,820
W02000313,258
W02000316,269
W02000317,718
W02000320,1794
W02000321,556
W02000322,481
W02000323,170
W02000324,742
W02000329,791
W02000330,241
W02000335,318
W02000339,951
W02000340,317
W02000341,651
W02000343,242
W02000344,274
W02000345,630
W02000346,894
W02000347,793
W02000350,673
W02000352,2319
W02000353,2077
W02000357,3004
W02000359,9765
W02000361,6554
W02000362,648
W02000365,4879
W02000366,3891
W02000370,251
W02000374,316
W02000377,4017
W02000378,274
W02000379,346
W02000382,366
W02000386,208
W02000389,929
W02000395,1273
W02000397,572
W02000400,1919
W02000401,571
W02000403,1970
W02000406,2044
W02000407,448
W02000408,7380
W02000410,8940
W02000412,5006
W02000414,683
W02000416,505
W02000417,1551
W02000418,635
W02000419,583
W02000421,1177
W02000422,3556
W02000423,4701
