Code,Coronary Heart Disease (CHD): Admission Rates (Age-Standardised) per 100K pop - 3 Yr avg(FY 15/16 - 17/18)
W02000001,520.8
W02000002,451.3
W02000003,559.8
W02000004,429.8
W02000005,360.9
W02000006,661.9
W02000007,430.1
W02000008,531.6
W02000009,520.7
W02000010,651.4
W02000011,619
W02000012,543.7
W02000013,646
W02000014,479.6
W02000015,525
W02000016,601.3
W02000017,529.5
W02000018,406.5
W02000019,462.1
W02000020,468.4
W02000021,499.9
W02000022,443.3
W02000023,497
W02000024,346.4
W02000025,355.9
W02000026,424.4
W02000027,553
W02000028,298.9
W02000029,393.5
W02000030,303.3
W02000031,495.7
W02000032,371.3
W02000033,482.8
W02000034,432.9
W02000035,423.4
W02000036,505.8
W02000037,438.7
W02000038,376
W02000039,486.9
W02000040,273.9
W02000041,401.6
W02000042,483.6
W02000043,425.5
W02000044,504.8
W02000045,466.8
W02000047,424
W02000049,399.9
W02000050,494.8
W02000051,426
W02000052,480.8
W02000053,283.4
W02000054,464.2
W02000055,522.5
W02000056,497.3
W02000057,389.5
W02000058,504.5
W02000059,288.4
W02000060,386.8
W02000061,580.8
W02000062,486.2
W02000063,357.9
W02000064,709.2
W02000065,494.1
W02000066,612.4
W02000067,487.4
W02000068,570
W02000069,430.9
W02000070,503
W02000071,468.5
W02000072,649.3
W02000073,379.3
W02000074,564.6
W02000075,414.7
W02000076,554.9
W02000077,498
W02000080,539.7
W02000081,477.2
W02000082,616.2
W02000083,390
W02000084,459.2
W02000085,347.4
W02000086,353
W02000087,525.8
W02000088,466.7
W02000089,611.6
W02000090,552.3
W02000091,516
W02000092,584.5
W02000093,411.2
W02000094,375
W02000095,326.8
W02000096,563.5
W02000097,472.8
W02000098,598.2
W02000099,699
W02000100,511.1
W02000101,509.2
W02000102,522.3
W02000103,438.8
W02000104,584.1
W02000105,583.2
W02000106,490.5
W02000107,441.7
W02000108,447.4
W02000109,540.9
W02000110,518.4
W02000111,415.3
W02000113,469.6
W02000114,358
W02000116,428
W02000117,321.2
W02000118,421.4
W02000120,435.5
W02000122,403.2
W02000123,415
W02000124,602.1
W02000125,430.4
W02000126,416.3
W02000127,429.3
W02000128,498.3
W02000129,389.7
W02000130,474.2
W02000131,447.3
W02000132,407.2
W02000133,418.2
W02000134,541.9
W02000135,533
W02000136,434.9
W02000137,625.7
W02000138,443.7
W02000139,454.6
W02000140,651.8
W02000141,455.3
W02000142,522.8
W02000143,464.4
W02000144,477.4
W02000145,505.5
W02000146,423.4
W02000147,461.1
W02000148,583.3
W02000149,432.5
W02000151,482.8
W02000152,638.8
W02000153,547.8
W02000154,560.9
W02000156,541.4
W02000157,498.5
W02000158,556.8
W02000159,733.8
W02000160,647.6
W02000161,780.7
W02000162,546.5
W02000163,697.4
W02000164,474.7
W02000165,729.2
W02000166,586
W02000167,792.3
W02000168,350.3
W02000169,357.7
W02000170,305.9
W02000171,322.2
W02000172,433.6
W02000173,381.3
W02000174,342.8
W02000175,387.3
W02000176,512.9
W02000177,525.5
W02000178,465.6
W02000179,342.6
W02000180,488.7
W02000181,364.5
W02000182,450.5
W02000183,487.4
W02000184,414.7
W02000185,322.6
W02000186,573.7
W02000187,300
W02000188,482.6
W02000189,422.4
W02000190,394.1
W02000191,383.3
W02000192,345.4
W02000193,358.1
W02000194,222.6
W02000195,326.9
W02000196,351
W02000197,281.9
W02000198,269.7
W02000200,381.5
W02000201,326.1
W02000202,425.4
W02000203,346.9
W02000204,267
W02000205,399
W02000206,367.9
W02000207,326
W02000208,385.3
W02000209,607.6
W02000210,348.1
W02000211,472.6
W02000212,398.9
W02000213,377.9
W02000214,458.6
W02000215,473
W02000216,530
W02000217,437.2
W02000218,504.9
W02000219,474
W02000220,428.6
W02000221,483.4
W02000222,624.2
W02000223,446.1
W02000224,476.2
W02000225,553.4
W02000226,601.3
W02000227,614.5
W02000228,466.1
W02000229,525.7
W02000230,464
W02000231,515.6
W02000232,407
W02000233,656.9
W02000234,411.9
W02000235,425.3
W02000236,413.4
W02000237,434
W02000238,302.4
W02000239,271.4
W02000240,488.1
W02000241,340.8
W02000242,451.4
W02000243,558.5
W02000244,445.2
W02000245,689.5
W02000246,517.4
W02000247,477.1
W02000248,599.1
W02000249,530.7
W02000250,539.6
W02000251,521.6
W02000252,585.1
W02000253,721.2
W02000254,668.1
W02000255,579
W02000256,675.7
W02000257,538
W02000258,581.8
W02000259,527.4
W02000260,593.9
W02000261,408.5
W02000262,489.5
W02000263,748.3
W02000264,695.3
W02000265,511.2
W02000266,578.1
W02000267,582.3
W02000268,537.8
W02000269,489.2
W02000270,363.4
W02000271,528.2
W02000272,466.9
W02000273,618.9
W02000274,582.8
W02000275,551.9
W02000276,458.6
W02000277,548.7
W02000278,442.8
W02000279,548.7
W02000280,551
W02000281,553.4
W02000282,486
W02000284,624.7
W02000285,561.7
W02000286,550.7
W02000287,595.8
W02000288,569.9
W02000289,625.2
W02000290,547.7
W02000291,533.3
W02000292,505.9
W02000293,710
W02000294,633.3
W02000295,438.5
W02000296,539.4
W02000297,637.1
W02000298,364
W02000299,489.7
W02000300,401.8
W02000301,545.9
W02000302,606
W02000303,330.7
W02000304,473.7
W02000305,403.9
W02000306,456.8
W02000307,457.3
W02000308,402.1
W02000309,443.7
W02000310,381.8
W02000311,464.4
W02000312,502.1
W02000313,392.8
W02000314,438.8
W02000315,496.7
W02000316,554.1
W02000317,519.8
W02000318,586.6
W02000319,476.7
W02000320,599.5
W02000321,549.9
W02000322,654.3
W02000323,706.2
W02000324,639.2
W02000325,686.2
W02000326,553.6
W02000327,414
W02000328,446.2
W02000329,416.5
W02000330,430.5
W02000331,449
W02000332,424.9
W02000333,372
W02000334,288.1
W02000335,354.9
W02000336,380.2
W02000337,511.3
W02000338,448.7
W02000339,398.5
W02000340,479.2
W02000341,428.1
W02000342,294.4
W02000343,491.1
W02000344,232.6
W02000345,363.2
W02000346,285.6
W02000347,357.3
W02000348,364.2
W02000349,474.9
W02000350,328.7
W02000351,369.8
W02000352,368.6
W02000353,314
W02000354,391.7
W02000355,359.3
W02000356,593.5
W02000357,362.1
W02000358,281
W02000359,545.7
W02000360,455.1
W02000361,336.5
W02000362,346.5
W02000363,402.1
W02000364,577.9
W02000365,450.6
W02000366,326.7
W02000367,310.7
W02000368,378.7
W02000369,327
W02000370,272.2
W02000371,460.9
W02000372,268.9
W02000373,467.4
W02000374,366
W02000375,496.7
W02000376,419.2
W02000377,372
W02000378,356.3
W02000379,468.6
W02000380,317.7
W02000381,436.8
W02000382,590.5
W02000383,565.1
W02000384,434.6
W02000385,332.6
W02000386,331.2
W02000387,369.4
W02000388,516.3
W02000389,567.9
W02000390,304.4
W02000391,402.3
W02000392,321.6
W02000393,497.1
W02000394,335.8
W02000395,369.3
W02000396,375.2
W02000397,608.2
W02000398,457.9
W02000399,550.9
W02000400,351.4
W02000401,402
W02000402,425.7
W02000403,322.7
W02000404,384.1
W02000405,700.5
W02000406,562.3
W02000407,550
W02000408,581
W02000409,478.4
W02000410,784.2
W02000411,562.6
W02000412,644.5
W02000414,448.1
W02000415,736
W02000416,345.9
W02000417,460.8
W02000418,540.6
W02000419,444.3
W02000420,462.5
W02000421,337.4
W02000422,525.8
W02000423,410.2
Wales,468.2
7A1,467.4
7A2,507.2
7A3,286.5
7A4,441.9
7A5,814.8
7A6,450.9
7A7,483.1
00NA,492.3
00NC,488.8
00NE,420.3
00NG,443.2
00NJ,492
00NL,472.2
00NN,483.1
00NQ,427.2
00NS,475.1
00NU,561.3
00NX,383.3
00NZ,412.2
00PB,497.3
00PD,469.1
00PF,550.1
00PH,604.6
00PK,485.1
00PL,545.1
00PM,475.4
00PP,387.7
00PR,389
00PT,427.9
