LAD17CD,Prop_Highest_Need,Community_Need_q
E06000001,0.8103448275862069,5
E06000002,0.6395348837209303,5
E06000003,0.3181818181818182,4
E06000004,0.6083333333333333,5
E06000005,0.1076923076923077,3
E06000006,0.8481012658227848,5
E06000007,0.3228346456692913,4
E06000008,0.25274725274725274,4
E06000009,0.5319148936170213,5
E06000010,0.6506024096385542,5
E06000011,0.19523809523809524,3
E06000012,0.14150943396226415,3
E06000013,0.45544554455445546,5
E06000014,0.06666666666666667,2
E06000015,0.12582781456953643,3
E06000016,0.11979166666666667,3
E06000017,0,1
E06000018,0.10989010989010989,3
E06000019,0,1
E06000020,0.12962962962962962,3
E06000021,0.4025157232704403,4
E06000022,0.034782608695652174,2
E06000023,0.045627376425855515,2
E06000024,0.14074074074074075,3
E06000025,0.08484848484848485,3
E06000026,0.21739130434782608,4
E06000027,0.33707865168539325,4
E06000028,0.16363636363636364,3
E06000029,0,1
E06000030,0.11363636363636363,3
E06000031,0.15178571428571427,3
E06000032,0.19008264462809918,3
E06000033,0.17757009345794392,3
E06000034,0.5204081632653061,5
E06000035,0.10429447852760736,3
E06000036,0.21333333333333335,4
E06000037,0,1
E06000038,0,1
E06000039,0.525,5
E06000040,0,1
E06000041,0,1
E06000042,0.18421052631578946,3
E06000043,0,1
E06000044,0.208,3
E06000045,0.060810810810810814,2
E06000046,0.20224719101123595,3
E06000047,0.7561728395061729,5
E06000049,0.11965811965811966,3
E06000050,0.07547169811320754,2
E06000051,0.07772020725388601,2
E06000052,0.0736196319018405,2
E06000054,0.07368421052631578,2
E06000055,0.04854368932038835,2
E06000056,0.2229299363057325,4
E06000057,0.3248730964467005,4
E07000004,0.09565217391304348,3
E07000005,0,1
E07000006,0,1
E07000007,0.037383177570093455,2
E07000008,0,1
E07000009,0.04,2
E07000010,0.6909090909090909,5
E07000011,0.13333333333333333,3
E07000012,0.07291666666666667,2
E07000026,0.2,3
E07000027,0.46938775510204084,5
E07000028,0.17647058823529413,3
E07000029,0.14285714285714285,3
E07000030,0,1
E07000031,0,1
E07000032,0,1
E07000033,0.5416666666666666,5
E07000034,0.42028985507246375,5
E07000035,0,1
E07000036,0.1095890410958904,3
E07000037,0.3559322033898305,4
E07000038,0.5238095238095238,5
E07000039,0.4827586206896552,5
E07000040,0,1
E07000041,0,1
E07000042,0.023255813953488372,2
E07000043,0.05172413793103448,2
E07000044,0.10204081632653061,3
E07000045,0.05952380952380952,2
E07000046,0.8108108108108109,5
E07000047,0.12903225806451613,3
E07000048,0.16666666666666666,3
E07000049,0.10526315789473684,3
E07000050,0.08108108108108109,2
E07000051,0,1
E07000052,0,1
E07000053,0.05263157894736842,2
E07000061,0.45901639344262296,5
E07000062,0.18867924528301888,3
E07000063,0.04838709677419355,2
E07000064,0.3275862068965517,4
E07000065,0.10526315789473684,3
E07000066,0.9272727272727272,5
E07000067,0.367816091954023,4
E07000068,0,1
E07000069,1,5
E07000070,0.056074766355140186,2
E07000071,0.3904761904761905,4
E07000072,0.038461538461538464,2
E07000073,0.37037037037037035,4
E07000074,0.425,5
E07000075,0.6415094339622641,5
E07000076,0.9438202247191011,5
E07000077,0.043478260869565216,2
E07000078,0.10666666666666667,3
E07000079,0.0392156862745098,2
E07000080,0.32,4
E07000081,0.038461538461538464,2
E07000082,0,1
E07000083,0.16,3
E07000084,0.22018348623853212,4
E07000085,0.1388888888888889,3
E07000086,0.05194805194805195,2
E07000087,0.3013698630136986,4
E07000088,0.5283018867924528,5
E07000089,0.5263157894736842,5
E07000090,0.717948717948718,5
E07000091,0,1
E07000092,0.2413793103448276,4
E07000093,0,1
E07000094,0,1
E07000095,0.39285714285714285,4
E07000096,0.09574468085106383,3
E07000098,0.3064516129032258,4
E07000099,0,1
E07000102,0.1509433962264151,3
E07000103,0.16981132075471697,3
E07000105,0.10256410256410256,3
E07000106,0.3,4
E07000107,0.22413793103448276,4
E07000108,0.3283582089552239,4
E07000109,0.15625,3
E07000110,0.30526315789473685,4
E07000111,0.05405405405405406,2
E07000112,0.5223880597014925,5
E07000113,0.2823529411764706,4
E07000114,0.75,5
E07000115,0.1111111111111111,3
E07000116,0.11764705882352941,3
E07000117,0.4,4
E07000118,0.19696969696969696,3
E07000119,0.3137254901960784,4
E07000120,0,1
E07000121,0.21348314606741572,4
E07000122,0.3333333333333333,4
E07000123,0,1
E07000124,0.025,2
E07000125,0.32558139534883723,4
E07000126,0,1
E07000127,0.3150684931506849,4
E07000128,0.2463768115942029,4
E07000129,0.5166666666666667,5
E07000130,0.06060606060606061,2
E07000131,0.3191489361702128,4
E07000132,0.45454545454545453,5
E07000133,0.43333333333333335,5
E07000134,0.27586206896551724,4
E07000135,0.08333333333333333,2
E07000136,0.3333333333333333,4
E07000137,0.037037037037037035,2
E07000138,0.17543859649122806,3
E07000139,0.1875,3
E07000140,0.3469387755102041,4
E07000141,0.3333333333333333,4
E07000142,0.28846153846153844,4
E07000143,0.2564102564102564,4
E07000144,0.2619047619047619,4
E07000145,0.8032786885245902,5
E07000146,0.4157303370786517,4
E07000147,0.1774193548387097,3
E07000148,0,1
E07000149,0.2345679012345679,4
E07000150,0.6829268292682927,5
E07000151,0,1
E07000152,0,1
E07000153,0.631578947368421,5
E07000154,0.40601503759398494,4
E07000155,0.0784313725490196,2
E07000156,0.2765957446808511,4
E07000163,0,1
E07000164,0.1346153846153846,3
E07000165,0,1
E07000166,0,1
E07000167,0,1
E07000168,0,1
E07000169,0.42,4
E07000170,0.7432432432432432,5
E07000171,0.32857142857142857,4
E07000172,0.14084507042253522,3
E07000173,0,1
E07000174,0.14925373134328357,3
E07000175,0.12857142857142856,3
E07000176,0.25,4
E07000177,0.053763440860215055,2
E07000178,0,1
E07000179,0.15730337078651685,3
E07000180,0.10526315789473684,3
E07000181,0.13636363636363635,3
E07000187,0,1
E07000188,0.6571428571428571,5
E07000189,0.0970873786407767,3
E07000190,0.04477611940298507,2
E07000191,0,1
E07000192,0.85,5
E07000193,0.5694444444444444,5
E07000194,0.10344827586206896,3
E07000195,0.7375,5
E07000196,0.5441176470588235,5
E07000197,0,1
E07000198,0.3728813559322034,4
E07000199,0.43137254901960786,5
E07000200,0.3148148148148148,4
E07000201,0.5882352941176471,5
E07000202,0.3176470588235294,4
E07000203,0,1
E07000204,0,1
E07000205,0.0547945205479452,2
E07000206,0.4520547945205479,5
E07000207,0,1
E07000208,0,1
E07000209,0,1
E07000210,0.07407407407407407,2
E07000211,0.08139534883720931,2
E07000212,0,1
E07000213,0.48333333333333334,5
E07000214,0.12727272727272726,3
E07000215,0,1
E07000216,0.012195121951219513,2
E07000217,0,1
E07000218,0.05263157894736842,2
E07000219,0.2839506172839506,4
E07000220,0.21311475409836064,3
E07000221,0.0136986301369863,2
E07000222,0,1
E07000223,0,1
E07000224,0.5957446808510638,5
E07000225,0.09859154929577464,3
E07000226,0.36363636363636365,4
E07000227,0.024691358024691357,2
E07000228,0,1
E07000229,0,1
E07000234,0.017241379310344827,2
E07000235,0.06666666666666667,2
E07000236,0.8545454545454545,5
E07000237,0.3492063492063492,4
E07000238,0.02564102564102564,2
E07000239,0,1
E07000240,0.06896551724137931,2
E07000241,0,1
E07000242,0.047619047619047616,2
E07000243,0.5576923076923077,5
E08000001,0.5084745762711864,5
E08000002,0.5833333333333334,5
E08000003,0.35106382978723405,4
E08000004,0.05673758865248227,2
E08000005,0.5,5
E08000006,0.3,4
E08000007,0.04736842105263158,2
E08000008,0.7801418439716312,5
E08000009,0.09420289855072464,3
E08000010,0.43,5
E08000011,0.7448979591836735,5
E08000012,0.4798657718120805,5
E08000013,0.20168067226890757,3
E08000014,0.35978835978835977,4
E08000015,0.5,5
E08000016,0.6802721088435374,5
E08000017,0.8298969072164949,5
E08000018,0.3772455089820359,4
E08000019,0.3884057971014493,4
E08000021,0.2,3
E08000022,0.22137404580152673,4
E08000023,0.6568627450980392,5
E08000024,0.8486486486486486,5
E08000025,0.458528951486698,5
E08000026,0.5692307692307692,5
E08000027,0.23880597014925373,4
E08000028,0.46236559139784944,5
E08000029,0.30597014925373134,4
E08000030,0.5389221556886228,5
E08000031,0.6329113924050633,5
E08000032,0.13548387096774195,3
E08000033,0.25,4
E08000034,0.25868725868725867,4
E08000035,0.06224066390041494,2
E08000036,0.8516746411483254,5
E08000037,0.2777777777777778,4
E09000002,0.13636363636363635,3
E09000003,0,1
E09000004,0,1
E09000005,0,1
E09000006,0.03553299492385787,2
E09000007,0,1
E09000008,0.06363636363636363,2
E09000009,0,1
E09000010,0,1
E09000011,0.0728476821192053,2
E09000012,0,1
E09000013,0,1
E09000014,0,1
E09000015,0,1
E09000016,0.22,4
E09000017,0.09937888198757763,3
E09000018,0.15492957746478872,3
E09000019,0,1
E09000020,0,1
E09000021,0,1
E09000022,0.10112359550561797,3
E09000023,0.05917159763313609,2
E09000024,0,1
E09000025,0,1
E09000026,0,1
E09000027,0,1
E09000028,0,1
E09000029,0,1
E09000030,0,1
E09000031,0.04861111111111111,2
E09000032,0,1
E09000033,0,1
