LAD19CD,infrastructure,access,skill,use,Digital exclusion,Digital_q
E06000001,3,3,4,5,15,4
E06000002,2,5,4,5,16,4
E06000003,3,5,4,4,16,4
E06000004,3,3,2,3,11,3
E06000005,3,2,3,3,11,3
E06000006,2,5,4,5,16,4
E06000007,2,4,2,3,11,3
E06000008,2,4,4,5,15,4
E06000009,1,4,3,3,11,3
E06000010,3,2,3,5,13,3
E06000011,3,5,4,2,14,4
E06000012,2,5,3,4,14,4
E06000013,3,5,4,3,15,4
E06000014,3,4,1,1,9,2
E06000015,1,4,1,3,9,2
E06000016,1,4,2,5,12,3
E06000017,3,2,4,1,10,2
E06000018,2,5,1,3,11,3
E06000019,5,2,5,3,15,4
E06000020,3,4,3,4,14,4
E06000021,2,3,4,5,14,4
E06000022,3,1,1,1,6,1
E06000023,2,2,1,1,6,1
E06000024,3,1,2,2,8,2
E06000025,3,1,2,1,7,1
E06000026,2,4,1,1,8,2
E06000027,2,1,3,3,9,2
E06000030,2,1,2,2,7,1
E06000031,2,1,2,4,9,2
E06000032,2,2,4,5,13,3
E06000033,2,1,1,1,5,1
E06000034,3,5,2,4,14,4
E06000035,3,4,2,2,11,3
E06000036,2,1,1,2,6,1
E06000037,2,1,2,1,6,1
E06000038,1,1,1,1,4,1
E06000039,1,1,5,5,12,3
E06000040,3,1,1,1,6,1
E06000041,3,1,1,1,6,1
E06000042,3,1,1,3,8,2
E06000043,2,1,1,1,5,1
E06000044,2,5,1,1,9,2
E06000045,1,4,1,1,7,1
E06000046,3,2,4,3,12,3
E06000047,3,5,3,3,14,4
E06000049,3,2,2,2,9,2
E06000050,3,3,2,3,11,3
E06000051,5,5,5,3,18,5
E06000052,4,5,5,3,17,5
E06000053,3,5,5,4,17,5
E06000054,3,3,3,2,11,3
E06000055,3,2,2,3,10,2
E06000056,3,1,2,1,7,1
E06000057,3,2,5,4,14,4
E06000058,1.3333333333333333,2.6666666666666665,1.6666666666666667,2.3333333333333335,8,2
E06000059,4,4,3.8,2.6,14.4,4
E07000004,4,1,2,1,8,2
E07000005,3,1,1,2,7,1
E07000006,2,1,1,3,7,1
E07000007,3,1,1,3,8,2
E07000008,1,2,1,1,5,1
E07000009,3,2,4,1,10,2
E07000010,3,2,4,2,11,3
E07000011,3,2,2,1,8,2
E07000012,4,2,3,1,10,2
E07000026,5,5,5,4,19,5
E07000027,3,5,4,5,17,5
E07000028,3,4,4,4,15,4
E07000029,5,5,5,3,18,5
E07000030,5,4,5,3,17,5
E07000031,5,4,4,3,16,4
E07000032,3,3,3,2,11,3
E07000033,3,5,4,3,15,4
E07000034,1,5,3,4,13,3
E07000035,5,3,5,3,16,4
E07000036,2,3,2,3,10,2
E07000037,4,3,3,3,13,3
E07000038,3,5,3,3,14,4
E07000039,3,3,3,2,11,3
E07000040,5,4,4,2,15,4
E07000041,3,4,1,1,9,2
E07000042,5,4,5,3,17,5
E07000043,5,4,5,3,17,5
E07000044,5,4,4,2,15,4
E07000045,5,4,4,3,16,4
E07000046,5,4,5,4,18,5
E07000047,5,4,5,3,17,5
E07000061,1,4,1,2,8,2
E07000062,1,4,1,2,8,2
E07000063,3,4,2,3,12,3
E07000064,3,4,4,3,14,4
E07000065,3,4,3,2,12,3
E07000066,3,5,3,4,15,4
E07000067,4,2,3,3,12,3
E07000068,4,1,1,2,8,2
E07000069,2,5,1,1,9,2
E07000070,3,1,1,1,6,1
E07000071,3,2,1,1,7,1
E07000072,3,5,2,3,13,3
E07000073,1,5,3,5,14,4
E07000074,5,1,3,2,11,3
E07000075,3,5,1,1,10,2
E07000076,4,2,3,3,12,3
E07000077,5,5,3,1,14,4
E07000078,2,3,1,1,7,1
E07000079,4,3,5,2,14,4
E07000080,5,3,5,3,16,4
E07000081,2,3,1,2,8,2
E07000082,5,3,4,2,14,4
E07000083,4,3,3,2,12,3
E07000084,3,1,2,2,8,2
E07000085,4,1,2,2,9,2
E07000086,2,3,1,1,7,1
E07000087,3,3,1,1,8,2
E07000088,1,3,3,4,11,3
E07000089,3,1,1,1,6,1
E07000090,2,3,4,5,14,4
E07000091,3,1,3,2,9,2
E07000092,2,1,1,1,5,1
E07000093,4,1,3,2,10,2
E07000094,4,1,2,1,8,2
E07000095,1,2,1,1,5,1
E07000096,3,2,2,3,10,2
E07000098,2,2,1,2,7,1
E07000099,3,2,2,3,10,2
E07000102,3,2,1,1,7,1
E07000103,1,2,2,5,10,2
E07000105,4,5,3,3,15,4
E07000106,3,2,1,1,7,1
E07000107,3,1,1,3,8,2
E07000108,3,2,4,3,12,3
E07000109,2,1,2,3,8,2
E07000110,3,5,2,1,11,3
E07000111,3,2,2,2,9,2
E07000112,4,2,1,3,10,2
E07000113,3,1,3,3,10,2
E07000114,2,2,2,3,9,2
E07000115,3,2,2,2,9,2
E07000116,3,2,2,2,9,2
E07000117,2,5,4,5,16,4
E07000118,3,4,3,3,13,3
E07000119,3,3,2,2,10,2
E07000120,2,5,4,5,16,4
E07000121,2,2,1,1,6,1
E07000122,3,5,4,5,17,5
E07000123,2,3,1,3,9,2
E07000124,5,3,4,2,14,4
E07000125,3,5,4,4,16,4
E07000126,2,3,2,2,9,2
E07000127,3,4,4,3,14,4
E07000128,3,2,3,3,11,3
E07000129,2,2,1,1,6,1
E07000130,2,2,1,1,6,1
E07000131,3,2,3,1,9,2
E07000132,3,2,2,2,9,2
E07000133,5,2,4,2,13,3
E07000134,3,2,3,1,9,2
E07000135,1,2,1,1,5,1
E07000136,3,5,5,4,17,5
E07000137,5,5,5,4,19,5
E07000138,2,5,1,1,9,2
E07000139,3,5,3,1,12,3
E07000140,4,5,5,3,17,5
E07000141,3,5,3,2,13,3
E07000142,5,5,4,3,17,5
E07000143,5,4,5,3,17,5
E07000144,4,3,2,1,10,2
E07000145,3,3,4,4,14,4
E07000146,5,3,5,3,16,4
E07000147,5,3,5,2,15,4
E07000148,2,3,1,2,8,2
E07000149,5,4,4,2,15,4
E07000150,3,1,4,5,13,3
E07000151,3,1,3,1,8,2
E07000152,3,1,3,2,9,2
E07000153,2,1,2,2,7,1
E07000154,2,1,1,1,5,1
E07000155,3,1,3,1,8,2
E07000156,2,1,2,3,8,2
E07000163,5,5,5,3,18,5
E07000164,5,5,5,3,18,5
E07000165,3,5,2,2,12,3
E07000166,5,5,4,2,16,4
E07000167,5,5,5,3,18,5
E07000168,3,5,3,3,14,4
E07000169,3,5,4,2,14,4
E07000170,2,5,4,3,14,4
E07000171,3,5,4,3,15,4
E07000172,1,3,1,2,7,1
E07000173,2,3,2,2,9,2
E07000174,2,5,2,3,12,3
E07000175,4,5,4,3,16,4
E07000176,3,3,1,1,8,2
E07000177,3,1,2,1,7,1
E07000178,1,1,1,1,4,1
E07000179,3,1,2,1,7,1
E07000180,3,1,2,1,7,1
E07000181,4,1,3,1,9,2
E07000187,5,4,5,3,17,5
E07000188,4,4,5,3,16,4
E07000189,5,4,5,3,17,5
E07000192,2,3,3,3,11,3
E07000193,3,3,3,4,13,3
E07000194,3,3,3,3,12,3
E07000195,3,3,3,3,12,3
E07000196,3,3,3,3,12,3
E07000197,3,3,2,2,10,2
E07000198,5,3,3,2,13,3
E07000199,1,3,3,3,10,2
E07000200,5,3,4,2,14,4
E07000202,2,3,1,2,8,2
E07000203,5,3,5,2,15,4
E07000207,2,1,1,1,5,1
E07000208,2,2,1,1,6,1
E07000209,2,1,1,1,5,1
E07000210,3,2,1,2,8,2
E07000211,2,2,1,1,6,1
E07000212,1,1,1,1,4,1
E07000213,1,1,1,2,5,1
E07000214,2,1,1,2,6,1
E07000215,3,2,1,2,8,2
E07000216,3,1,1,3,8,2
E07000217,1,1,1,2,5,1
E07000218,3,3,4,3,13,3
E07000219,2,3,3,3,11,3
E07000220,3,3,2,2,10,2
E07000221,4,3,4,2,13,3
E07000222,3,3,1,1,8,2
E07000223,1,3,2,3,9,2
E07000224,2,3,2,3,10,2
E07000225,3,3,4,3,13,3
E07000226,1,1,2,4,8,2
E07000227,3,1,2,2,8,2
E07000228,3,1,1,2,7,1
E07000229,2,3,1,2,8,2
E07000234,2,3,2,2,9,2
E07000235,5,3,5,3,16,4
E07000236,2,3,2,4,11,3
E07000237,2,3,1,2,8,2
E07000238,3,3,5,3,14,4
E07000239,3,3,3,3,12,3
E07000240,2,2,1,1,6,1
E07000241,1,2,1,3,7,1
E07000242,3,2,2,1,8,2
E07000243,1,2,3,5,11,3
E07000244,4,3,3.5,2.5,13,3
E07000245,3.5,3,3.5,3,13,3
E07000246,4.5,4,4.5,3.5,16.5,5
E08000001,2,5,3,5,15,4
E08000002,2,3,2,3,10,2
E08000003,2,2,1,2,7,1
E08000004,2,3,4,5,14,4
E08000005,2,3,3,5,13,3
E08000006,2,1,1,2,6,1
E08000007,2,4,2,3,11,3
E08000008,2,4,4,5,15,4
E08000009,2,1,2,3,8,2
E08000010,2,5,3,3,13,3
E08000011,1,5,5,5,16,4
E08000012,1,2,1,3,7,1
E08000013,3,5,3,4,15,4
E08000014,2,4,3,3,12,3
E08000015,2,3,3,3,11,3
E08000016,3,5,4,3,15,4
E08000017,3,5,3,4,15,4
E08000018,3,5,4,5,17,5
E08000019,3,3,1,2,9,2
E08000021,1,4,1,1,7,1
E08000022,3,4,4,5,16,4
E08000023,2,4,5,5,16,4
E08000024,1,2,4,5,12,3
E08000025,3,4,3,5,15,4
E08000026,2,4,1,3,10,2
E08000027,2,5,3,4,14,4
E08000028,1,4,4,5,14,4
E08000029,3,3,1,3,10,2
E08000030,3,5,4,5,17,5
E08000031,1,5,3,5,14,4
E08000032,2,4,3,5,14,4
E08000033,3,2,3,3,11,3
E08000034,3,2,3,4,12,3
E08000035,2,3,1,2,8,2
E08000036,3,4,3,4,14,4
E08000037,2,4,4,4,14,4
E09000001,1,1,1,1,4,1
E09000002,1,1,2,5,9,2
E09000003,1,4,1,3,9,2
E09000004,3,2,1,1,7,1
E09000005,1,1,2,5,9,2
E09000006,2,2,1,1,6,1
E09000007,1,1,1,1,4,1
E09000008,1,1,1,3,6,1
E09000009,1,1,2,5,9,2
E09000010,1,3,2,5,11,3
E09000011,1,2,1,1,5,1
E09000012,1,1,1,1,4,1
E09000013,1,1,1,1,4,1
E09000014,1,2,1,1,5,1
E09000015,1,4,4,5,14,4
E09000016,2,1,1,2,6,1
E09000017,2,4,3,5,14,4
E09000018,1,1,2,5,9,2
E09000019,1,2,1,1,5,1
E09000020,1,1,1,1,4,1
E09000021,1,1,1,1,4,1
E09000022,1,2,1,1,5,1
E09000023,2,1,1,1,5,1
E09000024,1,1,1,3,6,1
E09000025,2,1,4,5,12,3
E09000026,1,2,5,5,13,3
E09000027,1,1,1,1,4,1
E09000028,2,1,1,1,5,1
E09000029,1,1,1,1,4,1
E09000030,1,1,1,1,4,1
E09000031,1,2,3,5,11,3
E09000032,1,1,1,1,4,1
E09000033,1,1,1,1,4,1
N09000001,3,4,4,4,15,4
N09000002,4,2,5,4,15,4
N09000003,1,3,3,5,12,3
N09000004,4,5,5,3,17,5
N09000005,4,5,5,5,19,5
N09000006,5,5,5,5,20,5
N09000007,3,2,3,3,11,3
N09000008,4,5,5,5,19,5
N09000009,5,5,5,4,19,5
N09000010,5,5,5,4,19,5
N09000011,3,2,3,3,11,3
S12000005,3,3,5,5,16,4
S12000006,5,5,5,5,20,5
S12000008,4,5,5,5,19,5
S12000010,3,1,5,5,14,4
S12000011,2,4,2,3,11,3
S12000013,5,4,5,5,19,5
S12000014,3,2,5,5,15,4
S12000017,5,4,5,5,19,5
S12000018,2,4,5,5,16,4
S12000019,3,1,5,5,14,4
S12000020,5,4,5,5,19,5
S12000021,3,5,5,5,18,5
S12000023,5,4,5,5,19,5
S12000026,5,3,5,5,18,5
S12000027,5,4,5,5,19,5
S12000028,3,3,5,5,16,4
S12000029,3,4,5,5,17,5
S12000030,4,2,3,3,12,3
S12000033,2,3,1,1,7,1
S12000034,5,3,5,4,17,5
S12000035,5,4,5,5,19,5
S12000036,2,2,1,1,6,1
S12000038,3,4,5,5,17,5
S12000039,2,4,5,5,16,4
S12000040,3,1,5,5,14,4
S12000041,4,2,5,5,16,4
S12000042,1,2,2,2,7,1
S12000045,3,4,2,3,12,3
S12000047,3,3,5,5,16,4
S12000048,4,2,5,5,16,4
S12000049,1,4,1,1,7,1
S12000050,3,5,5,5,18,5
W06000001,5,5,5,4,19,5
W06000002,5,4,4,2,15,4
W06000003,4,4,4,3,15,4
W06000004,5,4,4,3,16,4
W06000005,3,3,3,3,12,3
W06000006,3,3,4,4,14,4
W06000008,5,5,3,1,14,4
W06000009,5,5,5,4,19,5
W06000010,5,5,5,3,18,5
W06000011,2,3,1,2,8,2
W06000012,3,4,5,5,17,5
W06000013,3,4,4,4,15,4
W06000014,3,1,3,3,10,2
W06000015,2,1,1,1,5,1
W06000016,3,5,4,5,17,5
W06000018,3,4,5,4,16,4
W06000019,2,4,5,5,16,4
W06000020,3,4,5,5,17,5
W06000021,4,1,5,4,14,4
W06000022,3,1,3,5,12,3
W06000023,5,5,5,5,20,5
W06000024,3,5,4,5,17,5
