Row Labels,"Children in need due to socially unacceptable behaviour: rate per 10,000  aged under 18",Depression and anxiety among social care users: % of social care users,"Percentage of adult social care service users have control over their daily lives, age 65+",Percentage of people  aged 65 and over who were still at home 91 days after discharge from hospital,"Percentage of people aged 65 and over using social care who receive self-directed support, and those receiving direct payments",Social Isolation: percentage of adult carers who have as much social contact as they would like,Social Isolation: percentage of adult social care users who have as much social contact as they would like
E06000001,14.96259352,46.8,85.2,85.8,94.9,87.7,110.9
E06000002,8.643042351,49.7,84.4,65.5,100,78.5,97.6
E06000003,,51.3,76.6,79.7,100,67.5,106.1
E06000004,8.092485549,47.4,81.7,78.7,99.4,65.8,94.8
E06000005,4.449190247,50.7,62.7,68.3,97.2,67.7,95.8
E06000006,9.15235145,44.4,72.1,85.4,84.6,68,90
E06000007,6.495542714,53.7,74.6,84.2,81.2,94.7,80.8
E06000008,2.069482888,46.2,73.7,91.7,86.5,68.9,87
E06000009,2.086230876,51.4,79.6,82.1,100,67.2,100
E06000010,4.074113437,48.6,74.2,91.1,99.4,67.2,105.1
E06000011,4.470129953,48.7,83.8,73.5,97.9,80.8,83.8
E06000012,9.013724122,46.9,72.1,86.2,96.6,77.9,91.7
E06000013,4.484430617,48.6,77,94.9,100,81.4,101
E06000014,8.761362392,49.8,72.9,83,98.6,76.2,80.4
E06000015,2.849002849,54.8,75,73.4,100,53.5,82.4
E06000016,4.177707751,55.6,71.6,95.3,100,56,91.3
E06000017,,44.5,79.6,97.6,100,72.3,97.7
E06000018,3.974153285,55.6,77.7,86.7,55.6,65.8,85
E06000019,10.57523725,48.9,80.7,72,99.8,43.4,106.6
E06000020,4.733315064,52.6,72.6,65.4,98.5,74.1,89.2
E06000021,27.23891673,43.7,80.7,58,17.2,65.3,86.3
E06000022,3.093537319,48.7,77,83.2,84,76,100.1
E06000023,3.19284802,52,74.2,87,65.7,59.4,102.7
E06000024,,52.4,80,80.4,100,72.9,86.2
E06000025,2.234982636,51.5,74.5,85.5,94.6,60.7,78.8
E06000026,8.203445447,52.9,78.6,80.4,99,59.2,87.2
E06000027,6.29499941,48.4,76.1,76.7,87.8,66.7,103.9
E06000028,2.501320141,48.8,79.8,70.3,68.4,52.7,88.6
E06000029,15.89930441,51.1,74.8,81.5,78.3,74.6,78.7
E06000030,41.86363272,44.4,75,73.1,66.2,64.2,93.9
E06000031,3.99928013,52.8,80,81.6,98.2,65.4,93.9
E06000032,4.557965044,47.1,75.6,93.9,99.2,64.8,85.5
E06000033,3.067876774,41.9,78.4,61.7,81.9,81,77.6
E06000034,8.17298711,45.8,76.8,82.5,85.1,51,91.6
E06000035,7.193907073,48.3,67.7,75.6,98.8,47.2,90.8
E06000036,27.43044423,43.8,79.5,86.4,100,67,98
E06000037,10.05867561,45,78.6,84.8,100,68.5,82.8
E06000038,12.94044698,44.7,74.3,87.3,99.7,65,91.6
E06000039,8.297771456,54.4,69.6,86.7,39.7,50.6,78.9
E06000040,2.037727061,42,76.9,81.8,93.7,75.3,77
E06000041,3.100614955,49,78.4,84.1,79.2,77.7,76.5
E06000042,7.391310775,49.8,66.2,87.1,84.7,74.8,85.4
E06000043,11.57293894,63.6,75,78.9,93.1,77.8,96.9
E06000044,7.919985518,50.5,79.5,81.1,86.4,78.2,93
E06000045,1.391511778,50.5,74.9,85.2,75.9,47.9,80
E06000046,,48.8,75.7,73.4,100,64.8,91.8
E06000047,11.04038194,49.5,80.6,85.4,93.5,86.7,102
E06000049,2.109871562,47.3,78.3,75.6,90.3,52.3,98.5
E06000050,7.431187206,57.1,80.6,84.8,99.9,61.6,98.7
E06000051,2.512941649,43.9,75.8,87.1,93.5,62.9,91.2
E06000052,7.006464631,49.2,76,86.9,98.4,42.9,86.4
E06000053,,49.2,,42.9,37.5,,
E06000054,0.85229694,47.5,78.1,66.7,83.1,25.1,97.4
E06000055,9.687946155,51.7,72.8,96.3,81.9,57.8,92.9
E06000056,6.509463132,45.6,76.6,92.8,99.5,57.6,89.2
E06000057,10.52167125,44.2,79.2,89.7,99.3,90.9,92.1
E08000001,2.9659069,59.6,72,73.4,98.7,61.5,79.8
E08000002,4.870920604,51.3,77.2,82.5,100,55.4,80.4
E08000003,15.5963757,56.2,67.3,81.3,87,54,69.8
E08000004,8.803263979,57.1,72.1,88.4,100,61.6,76.6
E08000005,4.220380602,49.6,82.1,90.4,99.9,71.7,99.5
E08000006,5.210485653,54.7,75.5,83,90.1,75.4,87.2
E08000007,4.768565615,53.4,68.6,92.4,94.4,63.6,82.7
E08000008,8.86292678,43.1,70.8,77.9,100,63.6,87.5
E08000009,11.86154344,50.6,71.4,93,85,62.6,82.1
E08000010,2.350314355,54.7,77.6,88.4,99.9,48.2,86.3
E08000011,11.23595506,49.3,79,86.8,99.7,59.7,94.4
E08000012,13.2540938,50,76.9,85.7,83.7,47.8,90.2
E08000013,9.27846305,58.1,75.7,93.3,80.4,74.7,93.2
E08000014,18.8735658,53.6,76.5,87.7,93.9,57,92.4
E08000015,2.363158361,52.9,74.1,82.2,12.4,64.8,93.7
E08000016,,48,83.2,90.5,97.1,69.7,111.7
E08000017,2.580958598,49.7,72.3,81.1,74,58.7,83.3
E08000018,1.756018754,50.4,75.1,85.6,99.3,73.4,89.3
E08000019,3.513191606,56.5,70.6,83.9,98.1,58.5,83.8
E08000021,15.98776588,50.2,68.4,86.5,98.4,88.3,97.3
E08000022,1.467818088,52.9,75,92,96.1,62,88.3
E08000023,6.754702962,50.1,74.1,80.6,18.6,62.5,89.4
E08000024,63.00051429,46.1,72.5,74.7,99.6,62.7,97.7
E08000025,6.491207365,51.7,70.4,65.9,99.6,54,84.3
E08000026,2.835636214,46.3,77.2,81.5,86.7,72.7,91.9
E08000027,9.446164131,50,73.4,86.6,94.5,90.1,90.5
E08000028,1.480019734,45.5,75.3,70,99,58.6,101.6
E08000029,19.48024147,58.8,72.1,79.6,97,62.2,89.8
E08000030,16.66393894,50.9,69.9,82,99.7,52.8,83.3
E08000031,7.488642226,49.9,71.6,74.7,54.5,74.5,98.2
E08000032,0.42371086,47.8,79.6,82.9,91.5,79.7,90.8
E08000033,13.42921504,52.8,70,80.2,99.9,82.6,88.8
E08000034,3.506487001,49.8,77.9,81.2,94.2,93,88.1
E08000035,7.217263695,42.4,71.7,82.2,96.9,61.6,99.6
E08000036,6.56067226,47.1,77,86.2,95.4,60.2,94
E08000037,13.07189542,43.5,71.9,84,97.8,84.3,100.7
E09000001,,38.5,67.1,100,100,72.5,127
E09000002,12.56181526,51.9,74.1,93.5,92,63.6,94.2
E09000003,10.92872287,49.4,66.9,63.8,65.9,52.4,88.3
E09000004,5.300353357,53.3,65.7,91.8,98.1,73.8,92.5
E09000005,14.18201978,50.2,57.1,80.8,100,39.4,73.9
E09000006,7.02313583,49.5,68.7,93.4,92.4,84.9,75
E09000007,10.16818173,61.4,67.3,86.4,99.4,35.9,71.5
E09000008,10.23476655,49.9,67.1,87.9,94.2,48.9,75.8
E09000009,11.84602609,57.5,65.6,93.6,80.4,81.1,70.7
E09000010,6.41246393,55.8,72.1,81.9,99.8,81.8,85
E09000011,25.34352934,54.3,74.2,84.2,93.6,45.8,73.8
E09000012,39.33510976,56,63.9,90.8,100,65.7,74.9
E09000013,8.3500334,55,64,94.3,81.6,60.7,72.8
E09000014,14.18556701,51.6,65.7,74.6,98.1,61.6,70.7
E09000015,10.03026373,54.4,60.1,92.5,94.9,55.8,77.2
E09000016,40.40867463,48.7,70.6,88.7,99.4,79.4,88.9
E09000017,12.64674346,48.7,71.8,93,99,57.8,85.1
E09000018,1.720685771,50.2,60.3,87.5,77.6,48.1,69.9
E09000019,23.90380529,56.6,72,55.7,99.9,69.9,89.5
E09000020,36.52326602,50.5,69.1,94.3,97.9,64.8,70.4
E09000021,2.331062706,43.4,69.4,87.8,99,66.4,99.7
E09000022,16.60493039,54.2,71.4,94.3,93.3,66.2,81.2
E09000023,6.298336067,44.8,67.5,90.1,99.5,41,78.1
E09000024,8.510276158,46.1,66.4,83.8,100,50.9,75.8
E09000025,16.55880124,58.4,59.7,83.8,100,72.1,75.3
E09000026,7.772566791,53.7,77.4,96,97.6,85.9,103.5
E09000027,4.875670405,42.5,75.6,92.3,100,42.9,89.8
E09000028,19.88009816,61,62.6,85.1,100,59.9,69.1
E09000029,6.109250248,50.9,68.7,87.2,100,57,84.3
E09000030,19.88216891,59.1,71.2,70.9,84.2,66.7,77.9
E09000031,11.37707519,54.6,67.3,93.2,91.5,45.2,80.3
E09000032,5.87124518,51.9,74.6,91.3,100,27.8,84.9
E09000033,,53.3,69.3,90,95.2,46.2,76.9
E10000002,7.962624416,51.2,68.9,71.7,99.4,46.7,83.9
E10000003,1.189370006,44.9,77.9,56.5,98.7,71.7,104.3
E10000006,4.210571774,43.8,76.4,83.6,97.2,82,106.8
E10000007,4.768156552,48.7,73.7,81,99.2,64.1,91.9
E10000008,1.934770591,49,76,80.1,99,47.7,86.4
E10000009,5.854724763,50.2,75.1,85.7,99.8,69.3,92.9
E10000011,1.791692206,49,83.6,92.8,100,71,98
E10000012,2.304985261,51.1,70.7,87.9,68.7,44.7,92.3
E10000013,2.047179616,43.6,73.1,84.8,32.5,64.2,94
E10000014,1.623640201,47.7,74.4,77.5,98.3,54.7,94.8
E10000015,1.782425287,46.2,74.4,83.7,98.7,42.6,90.6
E10000016,4.998661073,47.5,79.3,82,64.1,56.7,98.7
E10000017,1.694532309,52.8,75.6,82.6,80.2,62.9,87.4
E10000018,,57.3,69.3,87.5,96.9,60.5,79.6
E10000019,1.728273869,43.9,73.8,87.9,99.8,72.8,88.8
E10000020,1.882076165,48.4,77.1,85.1,77.3,50.5,94.2
E10000021,4.644294663,51,77.5,82.1,91.8,65.8,84.2
E10000023,1.105479778,45.9,82.7,85.6,72.7,77.1,97.7
E10000024,5.982559931,54.6,75.5,78,100,56.1,78.9
E10000025,7.319929729,56.8,71.8,73.7,94.8,57.4,87.7
E10000027,1.090076669,53.1,76.8,83.6,90.9,51.4,95.6
E10000028,,53.7,71.5,80.4,84.7,73.9,91.1
E10000029,2.7468395,53,81,75,90.6,48.6,91.5
E10000030,4.225812028,44.5,76.9,70,92.5,46.6,96.5
E10000031,6.205100418,50.5,77.6,96.8,100,93.2,85.8
E10000032,5.597843964,52.9,74.3,73.2,27.9,72.8,90.2
E10000034,2.052369632,53.3,73.7,85.1,97,62,82.2
